dataset,site,subid,volume,pass,rater
ABIDE_I,CALTECH,51456,0,YES,MVL
ABIDE_I,CALTECH,51457,1,YES,MVL
ABIDE_I,CALTECH,51458,2,YES,MVL
ABIDE_I,CALTECH,51459,3,YES,MVL
ABIDE_I,CALTECH,51460,4,YES,MVL
ABIDE_I,CALTECH,51461,5,YES,MVL
ABIDE_I,CALTECH,51462,6,YES,MVL
ABIDE_I,CALTECH,51463,7,YES,MVL
ABIDE_I,CALTECH,51464,8,YES,MVL
ABIDE_I,CALTECH,51465,9,NO,MVL
ABIDE_I,CALTECH,51466,10,NO,MVL
ABIDE_I,CALTECH,51467,11,YES,MVL
ABIDE_I,CALTECH,51468,12,YES,MVL
ABIDE_I,CALTECH,51469,13,YES,MVL
ABIDE_I,CALTECH,51470,14,YES,MVL
ABIDE_I,CALTECH,51471,15,YES,MVL
ABIDE_I,CALTECH,51472,16,NO,MVL
ABIDE_I,CALTECH,51473,17,YES,MVL
ABIDE_I,CALTECH,51474,18,YES,MVL
ABIDE_I,CALTECH,51475,19,YES,MVL
ABIDE_I,CALTECH,51476,,,
ABIDE_I,CALTECH,51477,20,YES,MVL
ABIDE_I,CALTECH,51478,21,YES,MVL
ABIDE_I,CALTECH,51479,22,YES,MVL
ABIDE_I,CALTECH,51480,23,YES,MVL
ABIDE_I,CALTECH,51481,24,NO,MVL
ABIDE_I,CALTECH,51482,25,YES,MVL
ABIDE_I,CALTECH,51483,26,YES,MVL
ABIDE_I,CALTECH,51484,27,YES,MVL
ABIDE_I,CALTECH,51485,28,YES,MVL
ABIDE_I,CALTECH,51486,29,YES,MVL
ABIDE_I,CALTECH,51487,30,NO,MVL
ABIDE_I,CALTECH,51488,31,YES,MVL
ABIDE_I,CALTECH,51489,32,YES,MVL
ABIDE_I,CALTECH,51490,33,YES,MVL
ABIDE_I,CALTECH,51491,34,YES,MVL
ABIDE_I,CALTECH,51492,35,YES,MVL
ABIDE_I,CALTECH,51493,36,YES,MVL
ABIDE_I,CMU,50642,0,NO,MVL
ABIDE_I,CMU,50643,1,YES,MVL
ABIDE_I,CMU,50644,2,NO,MVL
ABIDE_I,CMU,50645,3,YES,MVL
ABIDE_I,CMU,50648,4,YES,MVL
ABIDE_I,CMU,50649,5,YES,MVL
ABIDE_I,CMU,50650,6,YES,MVL
ABIDE_I,CMU,50651,7,YES,MVL
ABIDE_I,CMU,50652,8,YES,MVL
ABIDE_I,CMU,50654,9,YES,MVL
ABIDE_I,CMU,50655,10,YES,MVL
ABIDE_I,CMU,50656,11,YES,MVL
ABIDE_I,CMU,50657,12,NO,MVL
ABIDE_I,CMU,50658,13,YES,MVL
ABIDE_I,CMU,50659,14,NO,MVL
ABIDE_I,CMU,50660,15,NO,MVL
ABIDE_I,CMU,50661,16,YES,MVL
ABIDE_I,CMU,50663,17,YES,MVL
ABIDE_I,CMU,50664,18,YES,MVL
ABIDE_I,CMU,50665,19,YES,MVL
ABIDE_I,CMU,50667,20,NO,MVL
ABIDE_I,CMU,50668,21,YES,MVL
ABIDE_I,CMU,50669,22,YES,MVL
ABIDE_I,KKI,50772,0,YES,MVL
ABIDE_I,KKI,50773,1,YES,MVL
ABIDE_I,KKI,50774,2,YES,MVL
ABIDE_I,KKI,50775,3,YES,MVL
ABIDE_I,KKI,50776,4,NO,MVL
ABIDE_I,KKI,50777,5,NO,MVL
ABIDE_I,KKI,50778,6,YES,MVL
ABIDE_I,KKI,50779,7,NO,MVL
ABIDE_I,KKI,50780,8,YES,MVL
ABIDE_I,KKI,50781,9,YES,MVL
ABIDE_I,KKI,50782,10,YES,MVL
ABIDE_I,KKI,50783,11,NO,MVL
ABIDE_I,KKI,50784,12,NO,MVL
ABIDE_I,KKI,50785,13,YES,MVL
ABIDE_I,KKI,50786,14,YES,MVL
ABIDE_I,KKI,50787,15,YES,MVL
ABIDE_I,KKI,50788,16,NO,MVL
ABIDE_I,KKI,50789,17,NO,MVL
ABIDE_I,KKI,50790,18,NO,MVL
ABIDE_I,KKI,50791,19,YES,MVL
ABIDE_I,KKI,50792,20,YES,MVL
ABIDE_I,KKI,50793,21,YES,MVL
ABIDE_I,KKI,50794,22,YES,MVL
ABIDE_I,KKI,50795,23,YES,MVL
ABIDE_I,KKI,50796,24,YES,MVL
ABIDE_I,KKI,50797,25,NO,MVL
ABIDE_I,KKI,50798,26,YES,MVL
ABIDE_I,KKI,50799,27,YES,MVL
ABIDE_I,KKI,50800,28,YES,MVL
ABIDE_I,KKI,50801,29,NO,MVL
ABIDE_I,KKI,50802,30,YES,MVL
ABIDE_I,KKI,50803,31,YES,MVL
ABIDE_I,KKI,50804,32,YES,MVL
ABIDE_I,KKI,50805,33,YES,MVL
ABIDE_I,KKI,50806,34,YES,MVL
ABIDE_I,KKI,50807,35,NO,MVL
ABIDE_I,KKI,50808,36,YES,MVL
ABIDE_I,KKI,50809,37,YES,MVL
ABIDE_I,KKI,50810,38,YES,MVL
ABIDE_I,KKI,50811,39,YES,MVL
ABIDE_I,KKI,50812,40,YES,MVL
ABIDE_I,KKI,50813,41,YES,MVL
ABIDE_I,KKI,50814,42,YES,MVL
ABIDE_I,KKI,50815,43,YES,MVL
ABIDE_I,KKI,50816,44,NO,MVL
ABIDE_I,KKI,50817,45,YES,MVL
ABIDE_I,KKI,50818,46,YES,MVL
ABIDE_I,KKI,50819,47,YES,MVL
ABIDE_I,KKI,50820,48,YES,MVL
ABIDE_I,KKI,50821,49,NO,MVL
ABIDE_I,KKI,50822,50,NO,MVL
ABIDE_I,KKI,50823,51,NO,MVL
ABIDE_I,KKI,50824,52,YES,MVL
ABIDE_I,KKI,50825,53,YES,MVL
ABIDE_I,KKI,50826,54,NO,MVL
ABIDE_I,LEUVEN_1,50682,0,NO,MVL
ABIDE_I,LEUVEN_1,50683,1,NO,MVL
ABIDE_I,LEUVEN_1,50685,2,YES,MVL
ABIDE_I,LEUVEN_1,50686,3,YES,MVL
ABIDE_I,LEUVEN_1,50687,4,YES,MVL
ABIDE_I,LEUVEN_1,50688,5,YES,MVL
ABIDE_I,LEUVEN_1,50689,6,YES,MVL
ABIDE_I,LEUVEN_1,50690,,,
ABIDE_I,LEUVEN_1,50691,7,YES,MVL
ABIDE_I,LEUVEN_1,50692,8,YES,MVL
ABIDE_I,LEUVEN_1,50693,9,NO,MVL
ABIDE_I,LEUVEN_1,50694,,,
ABIDE_I,LEUVEN_1,50695,10,YES,MVL
ABIDE_I,LEUVEN_1,50696,11,YES,MVL
ABIDE_I,LEUVEN_1,50697,12,NO,MVL
ABIDE_I,LEUVEN_1,50698,13,YES,MVL
ABIDE_I,LEUVEN_1,50699,14,YES,MVL
ABIDE_I,LEUVEN_1,50700,15,YES,MVL
ABIDE_I,LEUVEN_1,50701,16,YES,MVL
ABIDE_I,LEUVEN_1,50702,17,YES,MVL
ABIDE_I,LEUVEN_1,50703,18,YES,MVL
ABIDE_I,LEUVEN_1,50704,19,YES,MVL
ABIDE_I,LEUVEN_1,50705,20,YES,MVL
ABIDE_I,LEUVEN_1,50706,21,YES,MVL
ABIDE_I,LEUVEN_1,50707,22,YES,MVL
ABIDE_I,LEUVEN_1,50708,23,YES,MVL
ABIDE_I,LEUVEN_1,50709,24,YES,MVL
ABIDE_I,LEUVEN_1,50710,25,NO,MVL
ABIDE_I,LEUVEN_1,50711,26,YES,MVL
ABIDE_I,LEUVEN_2,50722,0,YES,MVL
ABIDE_I,LEUVEN_2,50723,,,
ABIDE_I,LEUVEN_2,50724,1,YES,MVL
ABIDE_I,LEUVEN_2,50725,2,YES,MVL
ABIDE_I,LEUVEN_2,50726,3,YES,MVL
ABIDE_I,LEUVEN_2,50727,4,NO,MVL
ABIDE_I,LEUVEN_2,50728,5,YES,MVL
ABIDE_I,LEUVEN_2,50730,6,YES,MVL
ABIDE_I,LEUVEN_2,50731,7,YES,MVL
ABIDE_I,LEUVEN_2,50732,8,YES,MVL
ABIDE_I,LEUVEN_2,50733,9,YES,MVL
ABIDE_I,LEUVEN_2,50734,10,YES,MVL
ABIDE_I,LEUVEN_2,50735,11,YES,MVL
ABIDE_I,LEUVEN_2,50736,12,NO,MVL
ABIDE_I,LEUVEN_2,50737,13,YES,MVL
ABIDE_I,LEUVEN_2,50738,14,YES,MVL
ABIDE_I,LEUVEN_2,50739,15,YES,MVL
ABIDE_I,LEUVEN_2,50740,16,YES,MVL
ABIDE_I,LEUVEN_2,50741,17,YES,MVL
ABIDE_I,LEUVEN_2,50742,18,NO,MVL
ABIDE_I,LEUVEN_2,50743,19,YES,MVL
ABIDE_I,LEUVEN_2,50744,,,
ABIDE_I,LEUVEN_2,50745,20,YES,MVL
ABIDE_I,LEUVEN_2,50746,21,YES,MVL
ABIDE_I,LEUVEN_2,50747,22,YES,MVL
ABIDE_I,LEUVEN_2,50748,23,YES,MVL
ABIDE_I,LEUVEN_2,50749,24,YES,MVL
ABIDE_I,LEUVEN_2,50750,25,NO,MVL
ABIDE_I,LEUVEN_2,50751,26,YES,MVL
ABIDE_I,LEUVEN_2,50752,27,YES,MVL
ABIDE_I,LEUVEN_2,50753,28,YES,MVL
ABIDE_I,LEUVEN_2,50754,29,YES,MVL
ABIDE_I,LEUVEN_2,50755,30,YES,MVL
ABIDE_I,LEUVEN_2,50756,31,YES,MVL
ABIDE_I,LEUVEN_2,50757,32,YES,MVL
ABIDE_I,MAXMUN,51318,0,YES,MVL
ABIDE_I,MAXMUN,51319,1,YES,MVL
ABIDE_I,MAXMUN,51320,2,YES,MVL
ABIDE_I,MAXMUN,51321,3,YES,MVL
ABIDE_I,MAXMUN,51322,4,NO,MVL
ABIDE_I,MAXMUN,51323,5,YES,MVL
ABIDE_I,MAXMUN,51324,6,NO,MVL
ABIDE_I,MAXMUN,51325,7,YES,MVL
ABIDE_I,MAXMUN,51326,8,YES,MVL
ABIDE_I,MAXMUN,51327,9,YES,MVL
ABIDE_I,MAXMUN,51328,10,YES,MVL
ABIDE_I,MAXMUN,51329,11,YES,MVL
ABIDE_I,MAXMUN,51330,12,YES,MVL
ABIDE_I,MAXMUN,51331,13,YES,MVL
ABIDE_I,MAXMUN,51332,14,YES,MVL
ABIDE_I,MAXMUN,51333,15,NO,MVL
ABIDE_I,MAXMUN,51334,,,
ABIDE_I,MAXMUN,51335,,,
ABIDE_I,MAXMUN,51336,16,NO,MVL
ABIDE_I,MAXMUN,51338,17,YES,MVL
ABIDE_I,MAXMUN,51339,18,YES,MVL
ABIDE_I,MAXMUN,51340,19,YES,MVL
ABIDE_I,MAXMUN,51341,20,YES,MVL
ABIDE_I,MAXMUN,51342,21,YES,MVL
ABIDE_I,MAXMUN,51343,22,YES,MVL
ABIDE_I,MAXMUN,51344,23,YES,MVL
ABIDE_I,MAXMUN,51345,24,NO,MVL
ABIDE_I,MAXMUN,51346,25,NO,MVL
ABIDE_I,MAXMUN,51347,26,YES,MVL
ABIDE_I,MAXMUN,51348,27,NO,MVL
ABIDE_I,MAXMUN,51349,28,NO,MVL
ABIDE_I,MAXMUN,51350,29,YES,MVL
ABIDE_I,MAXMUN,51351,30,NO,MVL
ABIDE_I,MAXMUN,51352,31,NO,MVL
ABIDE_I,MAXMUN,51353,32,YES,MVL
ABIDE_I,MAXMUN,51354,33,NO,MVL
ABIDE_I,MAXMUN,51355,,,
ABIDE_I,MAXMUN,51356,34,NO,MVL
ABIDE_I,MAXMUN,51357,35,NO,MVL
ABIDE_I,MAXMUN,51358,36,NO,MVL
ABIDE_I,MAXMUN,51359,37,YES,MVL
ABIDE_I,MAXMUN,51360,38,YES,MVL
ABIDE_I,MAXMUN,51361,39,YES,MVL
ABIDE_I,MAXMUN,51362,40,NO,MVL
ABIDE_I,MAXMUN,51363,41,NO,MVL
ABIDE_I,MAXMUN,51364,42,YES,MVL
ABIDE_I,MAXMUN,51365,,,
ABIDE_I,MAXMUN,51366,43,YES,MVL
ABIDE_I,MAXMUN,51367,44,YES,MVL
ABIDE_I,MAXMUN,51368,45,NO,MVL
ABIDE_I,MAXMUN,51369,46,YES,MVL
ABIDE_I,MAXMUN,51370,47,YES,MVL
ABIDE_I,MAXMUN,51371,48,NO,MVL
ABIDE_I,MAXMUN,51372,49,NO,MVL
ABIDE_I,MAXMUN,51373,50,YES,MVL
ABIDE_I,MAXMUN,51606,,,
ABIDE_I,MAXMUN,51607,51,YES,MVL
ABIDE_I,NYU,50952,0,YES,MVL
ABIDE_I,NYU,50953,1,YES,MVL
ABIDE_I,NYU,50954,2,YES,MVL
ABIDE_I,NYU,50955,3,NO,MVL
ABIDE_I,NYU,50956,4,YES,MVL
ABIDE_I,NYU,50957,5,YES,MVL
ABIDE_I,NYU,50958,6,YES,MVL
ABIDE_I,NYU,50959,7,YES,MVL
ABIDE_I,NYU,50960,8,YES,MVL
ABIDE_I,NYU,50961,9,NO,MVL
ABIDE_I,NYU,50962,10,YES,MVL
ABIDE_I,NYU,50964,11,YES,MVL
ABIDE_I,NYU,50965,12,YES,MVL
ABIDE_I,NYU,50966,13,YES,MVL
ABIDE_I,NYU,50967,14,YES,MVL
ABIDE_I,NYU,50968,15,YES,MVL
ABIDE_I,NYU,50969,16,YES,MVL
ABIDE_I,NYU,50970,17,YES,MVL
ABIDE_I,NYU,50971,18,YES,MVL
ABIDE_I,NYU,50972,19,YES,MVL
ABIDE_I,NYU,50973,20,YES,MVL
ABIDE_I,NYU,50974,21,YES,MVL
ABIDE_I,NYU,50975,22,YES,MVL
ABIDE_I,NYU,50976,23,YES,MVL
ABIDE_I,NYU,50977,24,YES,MVL
ABIDE_I,NYU,50978,25,YES,MVL
ABIDE_I,NYU,50979,26,YES,MVL
ABIDE_I,NYU,50980,27,YES,MVL
ABIDE_I,NYU,50981,28,YES,MVL
ABIDE_I,NYU,50982,29,YES,MVL
ABIDE_I,NYU,50983,30,YES,MVL
ABIDE_I,NYU,50984,31,NO,MVL
ABIDE_I,NYU,50985,32,YES,MVL
ABIDE_I,NYU,50986,33,YES,MVL
ABIDE_I,NYU,50987,34,NO,MVL
ABIDE_I,NYU,50988,35,YES,MVL
ABIDE_I,NYU,50989,36,YES,MVL
ABIDE_I,NYU,50990,37,YES,MVL
ABIDE_I,NYU,50991,38,NO,MVL
ABIDE_I,NYU,50992,39,YES,MVL
ABIDE_I,NYU,50993,40,YES,MVL
ABIDE_I,NYU,50994,41,YES,MVL
ABIDE_I,NYU,50995,42,YES,MVL
ABIDE_I,NYU,50996,43,YES,MVL
ABIDE_I,NYU,50997,44,YES,MVL
ABIDE_I,NYU,50998,45,YES,MVL
ABIDE_I,NYU,50999,46,NO,MVL
ABIDE_I,NYU,51000,47,NO,MVL
ABIDE_I,NYU,51001,48,NO,MVL
ABIDE_I,NYU,51002,49,YES,MVL
ABIDE_I,NYU,51003,50,YES,MVL
ABIDE_I,NYU,51006,51,YES,MVL
ABIDE_I,NYU,51007,52,YES,MVL
ABIDE_I,NYU,51008,53,NO,MVL
ABIDE_I,NYU,51009,54,YES,MVL
ABIDE_I,NYU,51010,55,YES,MVL
ABIDE_I,NYU,51011,56,YES,MVL
ABIDE_I,NYU,51012,57,YES,MVL
ABIDE_I,NYU,51013,58,YES,MVL
ABIDE_I,NYU,51014,59,YES,MVL
ABIDE_I,NYU,51015,60,YES,MVL
ABIDE_I,NYU,51016,61,YES,MVL
ABIDE_I,NYU,51017,62,YES,MVL
ABIDE_I,NYU,51018,63,YES,MVL
ABIDE_I,NYU,51019,64,YES,MVL
ABIDE_I,NYU,51020,65,YES,MVL
ABIDE_I,NYU,51021,66,NO,MVL
ABIDE_I,NYU,51023,67,YES,MVL
ABIDE_I,NYU,51024,68,YES,MVL
ABIDE_I,NYU,51025,69,YES,MVL
ABIDE_I,NYU,51026,70,YES,MVL
ABIDE_I,NYU,51027,71,YES,MVL
ABIDE_I,NYU,51028,72,YES,MVL
ABIDE_I,NYU,51029,73,YES,MVL
ABIDE_I,NYU,51030,74,YES,MVL
ABIDE_I,NYU,51032,75,YES,MVL
ABIDE_I,NYU,51033,76,NO,MVL
ABIDE_I,NYU,51034,77,YES,MVL
ABIDE_I,NYU,51035,78,YES,MVL
ABIDE_I,NYU,51036,79,YES,MVL
ABIDE_I,NYU,51038,80,YES,MVL
ABIDE_I,NYU,51039,81,YES,MVL
ABIDE_I,NYU,51040,82,YES,MVL
ABIDE_I,NYU,51041,83,YES,MVL
ABIDE_I,NYU,51042,84,YES,MVL
ABIDE_I,NYU,51044,85,YES,MVL
ABIDE_I,NYU,51045,86,YES,MVL
ABIDE_I,NYU,51046,87,YES,MVL
ABIDE_I,NYU,51047,88,YES,MVL
ABIDE_I,NYU,51048,89,YES,MVL
ABIDE_I,NYU,51049,90,YES,MVL
ABIDE_I,NYU,51050,91,YES,MVL
ABIDE_I,NYU,51051,92,YES,MVL
ABIDE_I,NYU,51052,93,YES,MVL
ABIDE_I,NYU,51053,94,YES,MVL
ABIDE_I,NYU,51054,95,YES,MVL
ABIDE_I,NYU,51055,96,YES,MVL
ABIDE_I,NYU,51056,97,YES,MVL
ABIDE_I,NYU,51057,98,YES,MVL
ABIDE_I,NYU,51058,99,YES,MVL
ABIDE_I,NYU,51059,100,YES,MVL
ABIDE_I,NYU,51060,101,YES,MVL
ABIDE_I,NYU,51061,102,NO,MVL
ABIDE_I,NYU,51062,103,YES,MVL
ABIDE_I,NYU,51063,104,YES,MVL
ABIDE_I,NYU,51064,105,YES,MVL
ABIDE_I,NYU,51065,106,NO,MVL
ABIDE_I,NYU,51066,107,YES,MVL
ABIDE_I,NYU,51067,108,YES,MVL
ABIDE_I,NYU,51068,109,YES,MVL
ABIDE_I,NYU,51069,110,YES,MVL
ABIDE_I,NYU,51070,111,YES,MVL
ABIDE_I,NYU,51071,112,YES,MVL
ABIDE_I,NYU,51072,113,YES,MVL
ABIDE_I,NYU,51073,114,YES,MVL
ABIDE_I,NYU,51074,115,YES,MVL
ABIDE_I,NYU,51075,116,YES,MVL
ABIDE_I,NYU,51076,117,YES,MVL
ABIDE_I,NYU,51077,118,YES,MVL
ABIDE_I,NYU,51078,119,YES,MVL
ABIDE_I,NYU,51079,120,YES,MVL
ABIDE_I,NYU,51080,121,YES,MVL
ABIDE_I,NYU,51081,122,YES,MVL
ABIDE_I,NYU,51082,123,YES,MVL
ABIDE_I,NYU,51083,124,YES,MVL
ABIDE_I,NYU,51084,125,YES,MVL
ABIDE_I,NYU,51085,126,YES,MVL
ABIDE_I,NYU,51086,127,YES,MVL
ABIDE_I,NYU,51087,128,YES,MVL
ABIDE_I,NYU,51088,129,YES,MVL
ABIDE_I,NYU,51089,130,YES,MVL
ABIDE_I,NYU,51090,131,YES,MVL
ABIDE_I,NYU,51091,132,YES,MVL
ABIDE_I,NYU,51093,133,YES,MVL
ABIDE_I,NYU,51094,134,YES,MVL
ABIDE_I,NYU,51095,135,NO,MVL
ABIDE_I,NYU,51096,136,YES,MVL
ABIDE_I,NYU,51097,137,YES,MVL
ABIDE_I,NYU,51098,138,YES,MVL
ABIDE_I,NYU,51099,139,YES,MVL
ABIDE_I,NYU,51100,140,YES,MVL
ABIDE_I,NYU,51101,141,YES,MVL
ABIDE_I,NYU,51102,142,YES,MVL
ABIDE_I,NYU,51103,143,YES,MVL
ABIDE_I,NYU,51104,144,YES,MVL
ABIDE_I,NYU,51105,145,YES,MVL
ABIDE_I,NYU,51106,146,YES,MVL
ABIDE_I,NYU,51107,147,YES,MVL
ABIDE_I,NYU,51108,148,YES,MVL
ABIDE_I,NYU,51109,149,YES,MVL
ABIDE_I,NYU,51110,150,YES,MVL
ABIDE_I,NYU,51111,151,YES,MVL
ABIDE_I,NYU,51112,152,YES,MVL
ABIDE_I,NYU,51113,153,YES,MVL
ABIDE_I,NYU,51114,154,YES,MVL
ABIDE_I,NYU,51115,155,YES,MVL
ABIDE_I,NYU,51116,156,YES,MVL
ABIDE_I,NYU,51117,157,YES,MVL
ABIDE_I,NYU,51118,158,YES,MVL
ABIDE_I,NYU,51119,159,YES,MVL
ABIDE_I,NYU,51120,160,YES,MVL
ABIDE_I,NYU,51121,161,YES,MVL
ABIDE_I,NYU,51122,162,NO,MVL
ABIDE_I,NYU,51123,163,YES,MVL
ABIDE_I,NYU,51124,164,YES,MVL
ABIDE_I,NYU,51125,165,YES,MVL
ABIDE_I,NYU,51126,166,YES,MVL
ABIDE_I,NYU,51127,167,YES,MVL
ABIDE_I,NYU,51128,168,YES,MVL
ABIDE_I,NYU,51129,169,YES,MVL
ABIDE_I,NYU,51130,170,YES,MVL
ABIDE_I,NYU,51131,171,YES,MVL
ABIDE_I,NYU,51146,172,YES,MVL
ABIDE_I,NYU,51147,173,YES,MVL
ABIDE_I,NYU,51148,174,YES,MVL
ABIDE_I,NYU,51149,175,YES,MVL
ABIDE_I,NYU,51150,176,YES,MVL
ABIDE_I,NYU,51151,177,YES,MVL
ABIDE_I,NYU,51152,178,YES,MVL
ABIDE_I,NYU,51153,179,YES,MVL
ABIDE_I,NYU,51154,180,YES,MVL
ABIDE_I,NYU,51155,181,YES,MVL
ABIDE_I,NYU,51156,182,YES,MVL
ABIDE_I,NYU,51159,183,YES,MVL
ABIDE_I,OHSU,50142,0,YES,MVL
ABIDE_I,OHSU,50143,1,YES,MVL
ABIDE_I,OHSU,50144,2,YES,MVL
ABIDE_I,OHSU,50145,3,YES,MVL
ABIDE_I,OHSU,50146,4,YES,MVL
ABIDE_I,OHSU,50147,5,YES,MVL
ABIDE_I,OHSU,50148,6,YES,MVL
ABIDE_I,OHSU,50149,7,YES,MVL
ABIDE_I,OHSU,50150,8,YES,MVL
ABIDE_I,OHSU,50152,9,YES,MVL
ABIDE_I,OHSU,50153,10,YES,MVL
ABIDE_I,OHSU,50155,11,YES,MVL
ABIDE_I,OHSU,50156,12,YES,MVL
ABIDE_I,OHSU,50157,13,NO,MVL
ABIDE_I,OHSU,50158,14,YES,MVL
ABIDE_I,OHSU,50159,15,YES,MVL
ABIDE_I,OHSU,50160,16,YES,MVL
ABIDE_I,OHSU,50161,17,YES,MVL
ABIDE_I,OHSU,50162,18,YES,MVL
ABIDE_I,OHSU,50163,19,YES,MVL
ABIDE_I,OHSU,50164,20,YES,MVL
ABIDE_I,OHSU,50165,21,YES,MVL
ABIDE_I,OHSU,50166,22,YES,MVL
ABIDE_I,OHSU,50167,23,YES,MVL
ABIDE_I,OHSU,50168,24,YES,MVL
ABIDE_I,OHSU,50169,25,YES,MVL
ABIDE_I,OHSU,50170,26,YES,MVL
ABIDE_I,OHSU,50171,27,YES,MVL
ABIDE_I,OLIN,50102,0,NO,MVL
ABIDE_I,OLIN,50103,,,
ABIDE_I,OLIN,50104,1,YES,MVL
ABIDE_I,OLIN,50105,2,YES,MVL
ABIDE_I,OLIN,50106,3,NO,MVL
ABIDE_I,OLIN,50107,4,YES,MVL
ABIDE_I,OLIN,50108,5,YES,MVL
ABIDE_I,OLIN,50109,6,YES,MVL
ABIDE_I,OLIN,50110,7,NO,MVL
ABIDE_I,OLIN,50111,8,NO,MVL
ABIDE_I,OLIN,50112,9,YES,MVL
ABIDE_I,OLIN,50113,10,NO,MVL
ABIDE_I,OLIN,50114,11,NO,MVL
ABIDE_I,OLIN,50115,,,
ABIDE_I,OLIN,50116,12,YES,MVL
ABIDE_I,OLIN,50117,13,YES,MVL
ABIDE_I,OLIN,50118,14,NO,MVL
ABIDE_I,OLIN,50119,15,YES,MVL
ABIDE_I,OLIN,50120,16,NO,MVL
ABIDE_I,OLIN,50121,17,YES,MVL
ABIDE_I,OLIN,50122,18,NO,MVL
ABIDE_I,OLIN,50123,19,NO,MVL
ABIDE_I,OLIN,50124,20,NO,MVL
ABIDE_I,OLIN,50125,21,YES,MVL
ABIDE_I,OLIN,50126,22,YES,MVL
ABIDE_I,OLIN,50127,23,NO,MVL
ABIDE_I,OLIN,50128,24,NO,MVL
ABIDE_I,OLIN,50129,25,YES,MVL
ABIDE_I,OLIN,50130,26,YES,MVL
ABIDE_I,OLIN,50131,27,YES,MVL
ABIDE_I,OLIN,50132,,,
ABIDE_I,OLIN,50133,28,NO,MVL
ABIDE_I,OLIN,50134,29,NO,MVL
ABIDE_I,OLIN,50135,30,YES,MVL
ABIDE_I,OLIN,50136,31,NO,MVL
ABIDE_I,OLIN,50137,,,
ABIDE_I,PITT,50002,0,YES,MVL
ABIDE_I,PITT,50003,,,
ABIDE_I,PITT,50004,1,YES,MVL
ABIDE_I,PITT,50005,2,YES,MVL
ABIDE_I,PITT,50006,3,YES,MVL
ABIDE_I,PITT,50007,4,YES,MVL
ABIDE_I,PITT,50008,5,YES,MVL
ABIDE_I,PITT,50009,6,YES,MVL
ABIDE_I,PITT,50010,7,YES,MVL
ABIDE_I,PITT,50011,8,YES,MVL
ABIDE_I,PITT,50012,9,YES,MVL
ABIDE_I,PITT,50013,10,YES,MVL
ABIDE_I,PITT,50014,11,YES,MVL
ABIDE_I,PITT,50015,12,YES,MVL
ABIDE_I,PITT,50016,13,YES,MVL
ABIDE_I,PITT,50017,14,YES,MVL
ABIDE_I,PITT,50019,15,YES,MVL
ABIDE_I,PITT,50020,16,YES,MVL
ABIDE_I,PITT,50022,17,YES,MVL
ABIDE_I,PITT,50023,18,YES,MVL
ABIDE_I,PITT,50024,19,YES,MVL
ABIDE_I,PITT,50025,20,YES,MVL
ABIDE_I,PITT,50026,21,YES,MVL
ABIDE_I,PITT,50027,22,YES,MVL
ABIDE_I,PITT,50028,23,YES,MVL
ABIDE_I,PITT,50029,24,YES,MVL
ABIDE_I,PITT,50030,25,YES,MVL
ABIDE_I,PITT,50031,26,YES,MVL
ABIDE_I,PITT,50032,27,YES,MVL
ABIDE_I,PITT,50033,28,YES,MVL
ABIDE_I,PITT,50034,29,YES,MVL
ABIDE_I,PITT,50035,30,YES,MVL
ABIDE_I,PITT,50036,31,YES,MVL
ABIDE_I,PITT,50037,32,YES,MVL
ABIDE_I,PITT,50038,33,YES,MVL
ABIDE_I,PITT,50039,34,YES,MVL
ABIDE_I,PITT,50040,35,YES,MVL
ABIDE_I,PITT,50041,36,YES,MVL
ABIDE_I,PITT,50042,37,YES,MVL
ABIDE_I,PITT,50043,38,YES,MVL
ABIDE_I,PITT,50044,39,YES,MVL
ABIDE_I,PITT,50045,40,YES,MVL
ABIDE_I,PITT,50046,41,YES,MVL
ABIDE_I,PITT,50047,42,YES,MVL
ABIDE_I,PITT,50048,43,YES,MVL
ABIDE_I,PITT,50049,44,YES,MVL
ABIDE_I,PITT,50050,45,YES,MVL
ABIDE_I,PITT,50051,46,YES,MVL
ABIDE_I,PITT,50052,47,YES,MVL
ABIDE_I,PITT,50053,48,YES,MVL
ABIDE_I,PITT,50054,49,YES,MVL
ABIDE_I,PITT,50055,50,YES,MVL
ABIDE_I,PITT,50056,51,YES,MVL
ABIDE_I,PITT,50057,52,YES,MVL
ABIDE_I,PITT,50058,53,YES,MVL
ABIDE_I,PITT,50059,54,YES,MVL
ABIDE_I,PITT,50060,55,YES,MVL
ABIDE_I,SBL,51556,0,YES,MVL
ABIDE_I,SBL,51557,1,YES,MVL
ABIDE_I,SBL,51558,2,NO,MVL
ABIDE_I,SBL,51559,3,YES,MVL
ABIDE_I,SBL,51560,4,YES,MVL
ABIDE_I,SBL,51561,5,YES,MVL
ABIDE_I,SBL,51562,6,YES,MVL
ABIDE_I,SBL,51563,7,YES,MVL
ABIDE_I,SBL,51564,8,YES,MVL
ABIDE_I,SBL,51565,9,YES,MVL
ABIDE_I,SBL,51566,10,NO,MVL
ABIDE_I,SBL,51567,11,NO,MVL
ABIDE_I,SBL,51568,12,YES,MVL
ABIDE_I,SBL,51569,13,YES,MVL
ABIDE_I,SBL,51570,14,YES,MVL
ABIDE_I,SBL,51571,15,NO,MVL
ABIDE_I,SBL,51572,16,YES,MVL
ABIDE_I,SBL,51573,17,YES,MVL
ABIDE_I,SBL,51574,18,YES,MVL
ABIDE_I,SBL,51575,19,NO,MVL
ABIDE_I,SBL,51576,20,NO,MVL
ABIDE_I,SBL,51577,21,NO,MVL
ABIDE_I,SBL,51578,22,NO,MVL
ABIDE_I,SBL,51579,23,NO,MVL
ABIDE_I,SBL,51580,24,YES,MVL
ABIDE_I,SBL,51581,25,NO,MVL
ABIDE_I,SBL,51582,26,YES,MVL
ABIDE_I,SBL,51583,27,YES,MVL
ABIDE_I,SBL,51584,28,NO,MVL
ABIDE_I,SBL,51585,29,NO,MVL
ABIDE_I,SDSU,50182,0,YES,MVL
ABIDE_I,SDSU,50183,1,YES,MVL
ABIDE_I,SDSU,50184,2,YES,MVL
ABIDE_I,SDSU,50185,3,NO,MVL
ABIDE_I,SDSU,50186,4,NO,MVL
ABIDE_I,SDSU,50187,5,YES,MVL
ABIDE_I,SDSU,50188,6,NO,MVL
ABIDE_I,SDSU,50189,7,YES,MVL
ABIDE_I,SDSU,50190,8,NO,MVL
ABIDE_I,SDSU,50191,9,NO,MVL
ABIDE_I,SDSU,50192,10,NO,MVL
ABIDE_I,SDSU,50193,11,YES,MVL
ABIDE_I,SDSU,50194,12,YES,MVL
ABIDE_I,SDSU,50195,13,YES,MVL
ABIDE_I,SDSU,50196,14,NO,MVL
ABIDE_I,SDSU,50197,15,YES,MVL
ABIDE_I,SDSU,50198,16,YES,MVL
ABIDE_I,SDSU,50199,17,NO,MVL
ABIDE_I,SDSU,50200,18,YES,MVL
ABIDE_I,SDSU,50201,19,NO,MVL
ABIDE_I,SDSU,50202,20,YES,MVL
ABIDE_I,SDSU,50203,21,NO,MVL
ABIDE_I,SDSU,50204,22,NO,MVL
ABIDE_I,SDSU,50205,23,NO,MVL
ABIDE_I,SDSU,50206,24,NO,MVL
ABIDE_I,SDSU,50207,25,YES,MVL
ABIDE_I,SDSU,50208,26,YES,MVL
ABIDE_I,SDSU,50209,27,YES,MVL
ABIDE_I,SDSU,50210,28,YES,MVL
ABIDE_I,SDSU,50211,29,NO,MVL
ABIDE_I,SDSU,50212,30,NO,MVL
ABIDE_I,SDSU,50213,31,NO,MVL
ABIDE_I,SDSU,50214,32,NO,MVL
ABIDE_I,SDSU,50215,33,YES,MVL
ABIDE_I,SDSU,50216,34,NO,MVL
ABIDE_I,SDSU,50217,35,YES,MVL
ABIDE_I,STANFORD,51160,0,YES,MVL
ABIDE_I,STANFORD,51161,1,YES,MVL
ABIDE_I,STANFORD,51162,2,NO,MVL
ABIDE_I,STANFORD,51163,,,
ABIDE_I,STANFORD,51164,3,YES,MVL
ABIDE_I,STANFORD,51165,4,YES,MVL
ABIDE_I,STANFORD,51166,5,YES,MVL
ABIDE_I,STANFORD,51167,6,NO,MVL
ABIDE_I,STANFORD,51168,7,NO,MVL
ABIDE_I,STANFORD,51169,8,NO,MVL
ABIDE_I,STANFORD,51170,9,NO,MVL
ABIDE_I,STANFORD,51171,10,NO,MVL
ABIDE_I,STANFORD,51172,11,NO,MVL
ABIDE_I,STANFORD,51173,12,YES,MVL
ABIDE_I,STANFORD,51174,13,NO,MVL
ABIDE_I,STANFORD,51175,14,YES,MVL
ABIDE_I,STANFORD,51176,15,NO,MVL
ABIDE_I,STANFORD,51177,,,
ABIDE_I,STANFORD,51178,16,NO,MVL
ABIDE_I,STANFORD,51179,17,NO,MVL
ABIDE_I,STANFORD,51180,18,NO,MVL
ABIDE_I,STANFORD,51181,19,NO,MVL
ABIDE_I,STANFORD,51182,20,NO,MVL
ABIDE_I,STANFORD,51183,21,YES,MVL
ABIDE_I,STANFORD,51184,22,YES,MVL
ABIDE_I,STANFORD,51185,23,YES,MVL
ABIDE_I,STANFORD,51186,24,NO,MVL
ABIDE_I,STANFORD,51187,25,NO,MVL
ABIDE_I,STANFORD,51188,26,YES,MVL
ABIDE_I,STANFORD,51189,27,YES,MVL
ABIDE_I,STANFORD,51190,28,YES,MVL
ABIDE_I,STANFORD,51191,29,NO,MVL
ABIDE_I,STANFORD,51192,30,NO,MVL
ABIDE_I,STANFORD,51193,31,YES,MVL
ABIDE_I,STANFORD,51194,32,YES,MVL
ABIDE_I,STANFORD,51195,33,YES,MVL
ABIDE_I,STANFORD,51196,34,YES,MVL
ABIDE_I,STANFORD,51197,35,NO,MVL
ABIDE_I,STANFORD,51198,36,NO,MVL
ABIDE_I,STANFORD,51199,37,NO,MVL
ABIDE_I,TRINITY,50232,0,YES,MVL
ABIDE_I,TRINITY,50233,1,YES,MVL
ABIDE_I,TRINITY,50234,2,YES,MVL
ABIDE_I,TRINITY,50235,3,YES,MVL
ABIDE_I,TRINITY,50236,4,YES,MVL
ABIDE_I,TRINITY,50237,5,YES,MVL
ABIDE_I,TRINITY,50238,6,YES,MVL
ABIDE_I,TRINITY,50239,7,YES,MVL
ABIDE_I,TRINITY,50240,8,YES,MVL
ABIDE_I,TRINITY,50241,9,YES,MVL
ABIDE_I,TRINITY,50242,10,YES,MVL
ABIDE_I,TRINITY,50243,11,YES,MVL
ABIDE_I,TRINITY,50244,12,YES,MVL
ABIDE_I,TRINITY,50245,13,YES,MVL
ABIDE_I,TRINITY,50246,14,YES,MVL
ABIDE_I,TRINITY,50247,15,YES,MVL
ABIDE_I,TRINITY,50248,16,YES,MVL
ABIDE_I,TRINITY,50249,17,YES,MVL
ABIDE_I,TRINITY,50250,18,YES,MVL
ABIDE_I,TRINITY,50251,19,YES,MVL
ABIDE_I,TRINITY,50252,20,YES,MVL
ABIDE_I,TRINITY,50253,21,YES,MVL
ABIDE_I,TRINITY,50254,22,YES,MVL
ABIDE_I,TRINITY,50255,23,YES,MVL
ABIDE_I,TRINITY,50257,24,YES,MVL
ABIDE_I,TRINITY,50259,25,YES,MVL
ABIDE_I,TRINITY,50260,26,YES,MVL
ABIDE_I,TRINITY,50261,27,YES,MVL
ABIDE_I,TRINITY,50262,28,YES,MVL
ABIDE_I,TRINITY,50263,29,YES,MVL
ABIDE_I,TRINITY,50264,30,YES,MVL
ABIDE_I,TRINITY,50265,31,YES,MVL
ABIDE_I,TRINITY,50266,32,YES,MVL
ABIDE_I,TRINITY,50267,33,YES,MVL
ABIDE_I,TRINITY,50268,34,YES,MVL
ABIDE_I,TRINITY,50269,35,YES,MVL
ABIDE_I,TRINITY,50270,36,YES,MVL
ABIDE_I,TRINITY,50271,37,YES,MVL
ABIDE_I,TRINITY,51132,38,YES,MVL
ABIDE_I,TRINITY,51133,39,YES,MVL
ABIDE_I,TRINITY,51134,40,YES,MVL
ABIDE_I,TRINITY,51135,41,YES,MVL
ABIDE_I,TRINITY,51136,42,YES,MVL
ABIDE_I,TRINITY,51137,43,YES,MVL
ABIDE_I,TRINITY,51138,44,YES,MVL
ABIDE_I,TRINITY,51139,45,YES,MVL
ABIDE_I,TRINITY,51140,46,YES,MVL
ABIDE_I,TRINITY,51141,47,YES,MVL
ABIDE_I,TRINITY,51142,48,YES,MVL
ABIDE_I,UCLA_1,51201,0,YES,MVL
ABIDE_I,UCLA_1,51202,1,YES,MVL
ABIDE_I,UCLA_1,51203,2,NO,MVL
ABIDE_I,UCLA_1,51204,3,NO,MVL
ABIDE_I,UCLA_1,51205,4,YES,MVL
ABIDE_I,UCLA_1,51206,5,YES,MVL
ABIDE_I,UCLA_1,51207,6,YES,MVL
ABIDE_I,UCLA_1,51208,7,NO,MVL
ABIDE_I,UCLA_1,51209,8,NO,MVL
ABIDE_I,UCLA_1,51210,9,YES,MVL
ABIDE_I,UCLA_1,51211,10,NO,MVL
ABIDE_I,UCLA_1,51212,11,YES,MVL
ABIDE_I,UCLA_1,51213,12,NO,MVL
ABIDE_I,UCLA_1,51214,13,NO,MVL
ABIDE_I,UCLA_1,51215,14,NO,MVL
ABIDE_I,UCLA_1,51216,15,YES,MVL
ABIDE_I,UCLA_1,51217,16,NO,MVL
ABIDE_I,UCLA_1,51218,17,NO,MVL
ABIDE_I,UCLA_1,51219,18,NO,MVL
ABIDE_I,UCLA_1,51220,19,NO,MVL
ABIDE_I,UCLA_1,51221,20,YES,MVL
ABIDE_I,UCLA_1,51222,21,YES,MVL
ABIDE_I,UCLA_1,51223,22,NO,MVL
ABIDE_I,UCLA_1,51224,23,NO,MVL
ABIDE_I,UCLA_1,51225,24,NO,MVL
ABIDE_I,UCLA_1,51226,25,NO,MVL
ABIDE_I,UCLA_1,51227,26,NO,MVL
ABIDE_I,UCLA_1,51228,27,NO,MVL
ABIDE_I,UCLA_1,51229,28,NO,MVL
ABIDE_I,UCLA_1,51230,29,YES,MVL
ABIDE_I,UCLA_1,51231,30,YES,MVL
ABIDE_I,UCLA_1,51232,,,
ABIDE_I,UCLA_1,51233,,,
ABIDE_I,UCLA_1,51234,31,NO,MVL
ABIDE_I,UCLA_1,51235,32,YES,MVL
ABIDE_I,UCLA_1,51236,33,NO,MVL
ABIDE_I,UCLA_1,51237,34,NO,MVL
ABIDE_I,UCLA_1,51238,35,NO,MVL
ABIDE_I,UCLA_1,51239,36,YES,MVL
ABIDE_I,UCLA_1,51240,37,YES,MVL
ABIDE_I,UCLA_1,51241,38,NO,MVL
ABIDE_I,UCLA_1,51242,,,
ABIDE_I,UCLA_1,51243,,,
ABIDE_I,UCLA_1,51244,,,
ABIDE_I,UCLA_1,51245,,,
ABIDE_I,UCLA_1,51246,,,
ABIDE_I,UCLA_1,51247,,,
ABIDE_I,UCLA_1,51248,39,YES,MVL
ABIDE_I,UCLA_1,51249,40,YES,MVL
ABIDE_I,UCLA_1,51250,41,YES,MVL
ABIDE_I,UCLA_1,51251,42,NO,MVL
ABIDE_I,UCLA_1,51252,43,YES,MVL
ABIDE_I,UCLA_1,51253,44,YES,MVL
ABIDE_I,UCLA_1,51254,45,YES,MVL
ABIDE_I,UCLA_1,51255,46,YES,MVL
ABIDE_I,UCLA_1,51256,47,NO,MVL
ABIDE_I,UCLA_1,51257,48,YES,MVL
ABIDE_I,UCLA_1,51258,49,YES,MVL
ABIDE_I,UCLA_1,51259,50,YES,MVL
ABIDE_I,UCLA_1,51260,51,NO,MVL
ABIDE_I,UCLA_1,51261,52,NO,MVL
ABIDE_I,UCLA_1,51262,53,NO,MVL
ABIDE_I,UCLA_1,51263,54,YES,MVL
ABIDE_I,UCLA_1,51264,55,NO,MVL
ABIDE_I,UCLA_1,51265,56,YES,MVL
ABIDE_I,UCLA_1,51266,57,NO,MVL
ABIDE_I,UCLA_1,51267,58,YES,MVL
ABIDE_I,UCLA_1,51268,59,YES,MVL
ABIDE_I,UCLA_1,51269,60,NO,MVL
ABIDE_I,UCLA_1,51270,,,
ABIDE_I,UCLA_1,51271,61,YES,MVL
ABIDE_I,UCLA_1,51272,62,NO,MVL
ABIDE_I,UCLA_1,51273,63,YES,MVL
ABIDE_I,UCLA_1,51274,64,NO,MVL
ABIDE_I,UCLA_1,51275,65,NO,MVL
ABIDE_I,UCLA_1,51276,66,NO,MVL
ABIDE_I,UCLA_1,51277,67,NO,MVL
ABIDE_I,UCLA_1,51278,68,NO,MVL
ABIDE_I,UCLA_1,51279,69,NO,MVL
ABIDE_I,UCLA_1,51280,70,NO,MVL
ABIDE_I,UCLA_1,51281,71,NO,MVL
ABIDE_I,UCLA_1,51282,72,NO,MVL
ABIDE_I,UCLA_2,51291,0,YES,MVL
ABIDE_I,UCLA_2,51292,1,YES,MVL
ABIDE_I,UCLA_2,51293,2,YES,MVL
ABIDE_I,UCLA_2,51294,3,NO,MVL
ABIDE_I,UCLA_2,51295,4,YES,MVL
ABIDE_I,UCLA_2,51296,5,YES,MVL
ABIDE_I,UCLA_2,51297,6,YES,MVL
ABIDE_I,UCLA_2,51298,7,NO,MVL
ABIDE_I,UCLA_2,51299,8,YES,MVL
ABIDE_I,UCLA_2,51300,9,YES,MVL
ABIDE_I,UCLA_2,51301,10,YES,MVL
ABIDE_I,UCLA_2,51302,11,YES,MVL
ABIDE_I,UCLA_2,51303,12,YES,MVL
ABIDE_I,UCLA_2,51304,13,YES,MVL
ABIDE_I,UCLA_2,51305,14,YES,MVL
ABIDE_I,UCLA_2,51306,15,YES,MVL
ABIDE_I,UCLA_2,51307,16,YES,MVL
ABIDE_I,UCLA_2,51308,17,YES,MVL
ABIDE_I,UCLA_2,51309,18,YES,MVL
ABIDE_I,UCLA_2,51310,,,
ABIDE_I,UCLA_2,51311,19,YES,MVL
ABIDE_I,UCLA_2,51312,20,YES,MVL
ABIDE_I,UCLA_2,51313,21,YES,MVL
ABIDE_I,UCLA_2,51314,22,YES,MVL
ABIDE_I,UCLA_2,51315,23,YES,MVL
ABIDE_I,UCLA_2,51316,24,YES,MVL
ABIDE_I,UCLA_2,51317,25,YES,MVL
ABIDE_I,UM_1,50272,,,
ABIDE_I,UM_1,50273,,,
ABIDE_I,UM_1,50274,,,
ABIDE_I,UM_1,50275,,,
ABIDE_I,UM_1,50276,,,
ABIDE_I,UM_1,50277,,,
ABIDE_I,UM_1,50278,,,
ABIDE_I,UM_1,50279,,,
ABIDE_I,UM_1,50280,,,
ABIDE_I,UM_1,50281,,,
ABIDE_I,UM_1,50282,,,
ABIDE_I,UM_1,50283,,,
ABIDE_I,UM_1,50284,,,
ABIDE_I,UM_1,50285,,,
ABIDE_I,UM_1,50286,,,
ABIDE_I,UM_1,50287,,,
ABIDE_I,UM_1,50288,,,
ABIDE_I,UM_1,50289,,,
ABIDE_I,UM_1,50290,,,
ABIDE_I,UM_1,50291,,,
ABIDE_I,UM_1,50292,,,
ABIDE_I,UM_1,50293,,,
ABIDE_I,UM_1,50294,,,
ABIDE_I,UM_1,50295,,,
ABIDE_I,UM_1,50296,,,
ABIDE_I,UM_1,50297,,,
ABIDE_I,UM_1,50298,,,
ABIDE_I,UM_1,50299,,,
ABIDE_I,UM_1,50300,,,
ABIDE_I,UM_1,50301,,,
ABIDE_I,UM_1,50302,,,
ABIDE_I,UM_1,50303,,,
ABIDE_I,UM_1,50304,,,
ABIDE_I,UM_1,50305,,,
ABIDE_I,UM_1,50306,,,
ABIDE_I,UM_1,50307,,,
ABIDE_I,UM_1,50308,,,
ABIDE_I,UM_1,50309,,,
ABIDE_I,UM_1,50310,,,
ABIDE_I,UM_1,50311,,,
ABIDE_I,UM_1,50312,,,
ABIDE_I,UM_1,50313,,,
ABIDE_I,UM_1,50314,,,
ABIDE_I,UM_1,50315,,,
ABIDE_I,UM_1,50316,,,
ABIDE_I,UM_1,50317,,,
ABIDE_I,UM_1,50318,,,
ABIDE_I,UM_1,50319,,,
ABIDE_I,UM_1,50320,,,
ABIDE_I,UM_1,50321,,,
ABIDE_I,UM_1,50322,,,
ABIDE_I,UM_1,50323,,,
ABIDE_I,UM_1,50324,,,
ABIDE_I,UM_1,50325,,,
ABIDE_I,UM_1,50326,,,
ABIDE_I,UM_1,50327,,,
ABIDE_I,UM_1,50328,,,
ABIDE_I,UM_1,50329,,,
ABIDE_I,UM_1,50330,,,
ABIDE_I,UM_1,50331,,,
ABIDE_I,UM_1,50332,,,
ABIDE_I,UM_1,50333,0,YES,MVL
ABIDE_I,UM_1,50334,1,YES,MVL
ABIDE_I,UM_1,50335,2,YES,MVL
ABIDE_I,UM_1,50336,3,YES,MVL
ABIDE_I,UM_1,50337,4,YES,MVL
ABIDE_I,UM_1,50338,5,YES,MVL
ABIDE_I,UM_1,50339,6,YES,MVL
ABIDE_I,UM_1,50340,7,YES,MVL
ABIDE_I,UM_1,50341,8,YES,MVL
ABIDE_I,UM_1,50342,9,YES,MVL
ABIDE_I,UM_1,50343,10,YES,MVL
ABIDE_I,UM_1,50344,11,YES,MVL
ABIDE_I,UM_1,50345,12,NO,MVL
ABIDE_I,UM_1,50346,13,YES,MVL
ABIDE_I,UM_1,50347,14,YES,MVL
ABIDE_I,UM_1,50348,15,YES,MVL
ABIDE_I,UM_1,50349,16,YES,MVL
ABIDE_I,UM_1,50350,17,YES,MVL
ABIDE_I,UM_1,50351,18,YES,MVL
ABIDE_I,UM_1,50352,19,YES,MVL
ABIDE_I,UM_1,50353,20,YES,MVL
ABIDE_I,UM_1,50354,21,YES,MVL
ABIDE_I,UM_1,50355,22,YES,MVL
ABIDE_I,UM_1,50356,23,YES,MVL
ABIDE_I,UM_1,50357,24,NO,MVL
ABIDE_I,UM_1,50358,25,YES,MVL
ABIDE_I,UM_1,50359,26,YES,MVL
ABIDE_I,UM_1,50360,27,YES,MVL
ABIDE_I,UM_1,50361,28,YES,MVL
ABIDE_I,UM_1,50362,29,YES,MVL
ABIDE_I,UM_1,50363,30,YES,MVL
ABIDE_I,UM_1,50364,31,YES,MVL
ABIDE_I,UM_1,50365,32,YES,MVL
ABIDE_I,UM_1,50366,33,YES,MVL
ABIDE_I,UM_1,50367,34,YES,MVL
ABIDE_I,UM_1,50368,35,YES,MVL
ABIDE_I,UM_1,50369,36,YES,MVL
ABIDE_I,UM_1,50370,37,YES,MVL
ABIDE_I,UM_1,50371,38,YES,MVL
ABIDE_I,UM_1,50372,39,YES,MVL
ABIDE_I,UM_1,50373,40,YES,MVL
ABIDE_I,UM_1,50374,41,YES,MVL
ABIDE_I,UM_1,50375,42,NO,MVL
ABIDE_I,UM_1,50376,43,YES,MVL
ABIDE_I,UM_1,50377,44,YES,MVL
ABIDE_I,UM_1,50378,45,YES,MVL
ABIDE_I,UM_1,50379,46,YES,MVL
ABIDE_I,UM_1,50380,47,YES,MVL
ABIDE_I,UM_1,50381,48,YES,MVL
ABIDE_I,UM_2,50382,0,YES,MVL
ABIDE_I,UM_2,50383,1,YES,MVL
ABIDE_I,UM_2,50385,2,YES,MVL
ABIDE_I,UM_2,50386,3,YES,MVL
ABIDE_I,UM_2,50387,4,YES,MVL
ABIDE_I,UM_2,50388,5,YES,MVL
ABIDE_I,UM_2,50390,6,YES,MVL
ABIDE_I,UM_2,50391,7,YES,MVL
ABIDE_I,UM_2,50397,8,YES,MVL
ABIDE_I,UM_2,50399,,,
ABIDE_I,UM_2,50402,9,YES,MVL
ABIDE_I,UM_2,50403,10,YES,MVL
ABIDE_I,UM_2,50404,11,NO,MVL
ABIDE_I,UM_2,50405,12,YES,MVL
ABIDE_I,UM_2,50406,13,YES,MVL
ABIDE_I,UM_2,50407,14,NO,MVL
ABIDE_I,UM_2,50408,,,
ABIDE_I,UM_2,50410,15,YES,MVL
ABIDE_I,UM_2,50411,16,YES,MVL
ABIDE_I,UM_2,50412,17,YES,MVL
ABIDE_I,UM_2,50413,18,YES,MVL
ABIDE_I,UM_2,50414,19,YES,MVL
ABIDE_I,UM_2,50415,20,YES,MVL
ABIDE_I,UM_2,50416,21,YES,MVL
ABIDE_I,UM_2,50417,22,YES,MVL
ABIDE_I,UM_2,50418,,,
ABIDE_I,UM_2,50419,23,NO,MVL
ABIDE_I,UM_2,50421,24,YES,MVL
ABIDE_I,UM_2,50422,25,YES,MVL
ABIDE_I,UM_2,50423,26,NO,MVL
ABIDE_I,UM_2,50424,27,YES,MVL
ABIDE_I,UM_2,50425,28,YES,MVL
ABIDE_I,UM_2,50426,29,NO,MVL
ABIDE_I,UM_2,50427,30,NO,MVL
ABIDE_I,UM_2,50428,31,NO,MVL
ABIDE_I,USM,50432,,,
ABIDE_I,USM,50433,0,NO,MVL
ABIDE_I,USM,50434,1,NO,MVL
ABIDE_I,USM,50435,2,YES,MVL
ABIDE_I,USM,50436,3,YES,MVL
ABIDE_I,USM,50437,4,NO,MVL
ABIDE_I,USM,50438,5,NO,MVL
ABIDE_I,USM,50439,6,YES,MVL
ABIDE_I,USM,50440,7,NO,MVL
ABIDE_I,USM,50441,8,YES,MVL
ABIDE_I,USM,50442,9,NO,MVL
ABIDE_I,USM,50443,10,YES,MVL
ABIDE_I,USM,50444,11,NO,MVL
ABIDE_I,USM,50445,12,NO,MVL
ABIDE_I,USM,50446,,,
ABIDE_I,USM,50447,13,NO,MVL
ABIDE_I,USM,50448,14,YES,MVL
ABIDE_I,USM,50449,15,NO,MVL
ABIDE_I,USM,50450,16,NO,MVL
ABIDE_I,USM,50451,17,NO,MVL
ABIDE_I,USM,50452,18,NO,MVL
ABIDE_I,USM,50453,19,YES,MVL
ABIDE_I,USM,50454,20,NO,MVL
ABIDE_I,USM,50455,21,YES,MVL
ABIDE_I,USM,50456,22,NO,MVL
ABIDE_I,USM,50457,23,YES,MVL
ABIDE_I,USM,50458,,,
ABIDE_I,USM,50459,24,NO,MVL
ABIDE_I,USM,50460,25,YES,MVL
ABIDE_I,USM,50461,26,YES,MVL
ABIDE_I,USM,50462,27,NO,MVL
ABIDE_I,USM,50463,28,YES,MVL
ABIDE_I,USM,50464,29,NO,MVL
ABIDE_I,USM,50465,30,NO,MVL
ABIDE_I,USM,50466,31,NO,MVL
ABIDE_I,USM,50467,32,NO,MVL
ABIDE_I,USM,50468,33,NO,MVL
ABIDE_I,USM,50469,34,NO,MVL
ABIDE_I,USM,50470,35,NO,MVL
ABIDE_I,USM,50471,36,NO,MVL
ABIDE_I,USM,50472,37,NO,MVL
ABIDE_I,USM,50473,38,NO,MVL
ABIDE_I,USM,50474,39,NO,MVL
ABIDE_I,USM,50475,40,NO,MVL
ABIDE_I,USM,50476,41,NO,MVL
ABIDE_I,USM,50477,42,NO,MVL
ABIDE_I,USM,50478,43,NO,MVL
ABIDE_I,USM,50479,44,YES,MVL
ABIDE_I,USM,50480,45,YES,MVL
ABIDE_I,USM,50481,46,NO,MVL
ABIDE_I,USM,50482,47,NO,MVL
ABIDE_I,USM,50483,48,NO,MVL
ABIDE_I,USM,50484,49,YES,MVL
ABIDE_I,USM,50485,50,NO,MVL
ABIDE_I,USM,50486,51,NO,MVL
ABIDE_I,USM,50487,,,
ABIDE_I,USM,50488,52,YES,MVL
ABIDE_I,USM,50489,53,YES,MVL
ABIDE_I,USM,50490,54,NO,MVL
ABIDE_I,USM,50491,55,YES,MVL
ABIDE_I,USM,50492,56,YES,MVL
ABIDE_I,USM,50493,57,YES,MVL
ABIDE_I,USM,50494,58,NO,MVL
ABIDE_I,USM,50495,59,NO,MVL
ABIDE_I,USM,50496,60,YES,MVL
ABIDE_I,USM,50497,61,NO,MVL
ABIDE_I,USM,50498,62,NO,MVL
ABIDE_I,USM,50499,63,NO,MVL
ABIDE_I,USM,50500,64,NO,MVL
ABIDE_I,USM,50501,65,NO,MVL
ABIDE_I,USM,50502,66,NO,MVL
ABIDE_I,USM,50503,67,NO,MVL
ABIDE_I,USM,50504,68,YES,MVL
ABIDE_I,USM,50505,69,NO,MVL
ABIDE_I,USM,50506,70,NO,MVL
ABIDE_I,USM,50507,71,YES,MVL
ABIDE_I,USM,50508,72,NO,MVL
ABIDE_I,USM,50509,73,YES,MVL
ABIDE_I,USM,50510,74,YES,MVL
ABIDE_I,USM,50511,75,YES,MVL
ABIDE_I,USM,50512,76,NO,MVL
ABIDE_I,USM,50513,77,NO,MVL
ABIDE_I,USM,50514,78,NO,MVL
ABIDE_I,USM,50515,79,NO,MVL
ABIDE_I,USM,50516,80,YES,MVL
ABIDE_I,USM,50517,81,YES,MVL
ABIDE_I,USM,50518,82,YES,MVL
ABIDE_I,USM,50519,83,YES,MVL
ABIDE_I,USM,50520,84,NO,MVL
ABIDE_I,USM,50521,85,NO,MVL
ABIDE_I,USM,50522,86,NO,MVL
ABIDE_I,USM,50523,87,YES,MVL
ABIDE_I,USM,50524,88,YES,MVL
ABIDE_I,USM,50525,89,YES,MVL
ABIDE_I,USM,50526,90,YES,MVL
ABIDE_I,USM,50527,91,NO,MVL
ABIDE_I,USM,50528,92,YES,MVL
ABIDE_I,USM,50529,93,YES,MVL
ABIDE_I,USM,50530,94,NO,MVL
ABIDE_I,USM,50531,95,NO,MVL
ABIDE_I,USM,50532,96,NO,MVL
ABIDE_I,YALE,50551,0,YES,MVL
ABIDE_I,YALE,50552,1,YES,MVL
ABIDE_I,YALE,50553,2,NO,MVL
ABIDE_I,YALE,50554,3,YES,MVL
ABIDE_I,YALE,50555,4,YES,MVL
ABIDE_I,YALE,50556,5,YES,MVL
ABIDE_I,YALE,50557,6,NO,MVL
ABIDE_I,YALE,50558,,,
ABIDE_I,YALE,50559,7,YES,MVL
ABIDE_I,YALE,50560,8,YES,MVL
ABIDE_I,YALE,50561,9,YES,MVL
ABIDE_I,YALE,50562,10,YES,MVL
ABIDE_I,YALE,50563,11,NO,MVL
ABIDE_I,YALE,50564,12,NO,MVL
ABIDE_I,YALE,50565,13,YES,MVL
ABIDE_I,YALE,50566,14,YES,MVL
ABIDE_I,YALE,50567,15,YES,MVL
ABIDE_I,YALE,50568,16,YES,MVL
ABIDE_I,YALE,50569,17,YES,MVL
ABIDE_I,YALE,50570,18,YES,MVL
ABIDE_I,YALE,50571,19,YES,MVL
ABIDE_I,YALE,50572,20,YES,MVL
ABIDE_I,YALE,50573,21,YES,MVL
ABIDE_I,YALE,50574,22,YES,MVL
ABIDE_I,YALE,50575,23,YES,MVL
ABIDE_I,YALE,50576,24,YES,MVL
ABIDE_I,YALE,50577,25,YES,MVL
ABIDE_I,YALE,50578,26,YES,MVL
ABIDE_I,YALE,50601,27,YES,MVL
ABIDE_I,YALE,50602,28,NO,MVL
ABIDE_I,YALE,50603,29,YES,MVL
ABIDE_I,YALE,50604,30,YES,MVL
ABIDE_I,YALE,50605,31,NO,MVL
ABIDE_I,YALE,50606,32,YES,MVL
ABIDE_I,YALE,50607,33,NO,MVL
ABIDE_I,YALE,50608,34,YES,MVL
ABIDE_I,YALE,50609,35,YES,MVL
ABIDE_I,YALE,50610,36,YES,MVL
ABIDE_I,YALE,50611,37,YES,MVL
ABIDE_I,YALE,50612,38,NO,MVL
ABIDE_I,YALE,50613,39,NO,MVL
ABIDE_I,YALE,50614,40,NO,MVL
ABIDE_I,YALE,50615,41,NO,MVL
ABIDE_I,YALE,50616,42,NO,MVL
ABIDE_I,YALE,50617,43,NO,MVL
ABIDE_I,YALE,50618,44,YES,MVL
ABIDE_I,YALE,50619,45,YES,MVL
ABIDE_I,YALE,50620,46,YES,MVL
ABIDE_I,YALE,50621,47,NO,MVL
ABIDE_I,YALE,50622,48,NO,MVL
ABIDE_I,YALE,50623,49,YES,MVL
ABIDE_I,YALE,50624,50,NO,MVL
ABIDE_I,YALE,50625,51,NO,MVL
ABIDE_I,YALE,50626,52,YES,MVL
ABIDE_I,YALE,50627,53,NO,MVL
ABIDE_I,YALE,50628,54,NO,MVL
ABIDE_II,BNI,29006,0,YES,MVL
ABIDE_II,BNI,29007,1,YES,MVL
ABIDE_II,BNI,29008,2,YES,MVL
ABIDE_II,BNI,29009,3,YES,MVL
ABIDE_II,BNI,29010,4,YES,MVL
ABIDE_II,BNI,29011,5,YES,MVL
ABIDE_II,BNI,29012,6,YES,MVL
ABIDE_II,BNI,29013,7,YES,MVL
ABIDE_II,BNI,29014,8,YES,MVL
ABIDE_II,BNI,29015,9,NO,MVL
ABIDE_II,BNI,29016,10,NO,MVL
ABIDE_II,BNI,29017,11,YES,MVL
ABIDE_II,BNI,29018,12,YES,MVL
ABIDE_II,BNI,29019,13,NO,MVL
ABIDE_II,BNI,29020,14,NO,MVL
ABIDE_II,BNI,29021,15,YES,MVL
ABIDE_II,BNI,29022,16,NO,MVL
ABIDE_II,BNI,29023,17,YES,MVL
ABIDE_II,BNI,29024,18,YES,MVL
ABIDE_II,BNI,29025,19,NO,MVL
ABIDE_II,BNI,29026,,,
ABIDE_II,BNI,29027,20,NO,MVL
ABIDE_II,BNI,29028,21,NO,MVL
ABIDE_II,BNI,29029,22,NO,MVL
ABIDE_II,BNI,29030,23,YES,MVL
ABIDE_II,BNI,29031,24,YES,MVL
ABIDE_II,BNI,29032,25,YES,MVL
ABIDE_II,BNI,29033,26,NO,MVL
ABIDE_II,BNI,29034,27,YES,MVL
ABIDE_II,BNI,29035,28,YES,MVL
ABIDE_II,BNI,29036,29,YES,MVL
ABIDE_II,BNI,29037,30,YES,MVL
ABIDE_II,BNI,29038,31,YES,MVL
ABIDE_II,BNI,29039,32,YES,MVL
ABIDE_II,BNI,29040,33,NO,MVL
ABIDE_II,BNI,29041,34,YES,MVL
ABIDE_II,BNI,29042,35,YES,MVL
ABIDE_II,BNI,29043,,,
ABIDE_II,BNI,29044,36,YES,MVL
ABIDE_II,BNI,29045,37,YES,MVL
ABIDE_II,BNI,29046,38,YES,MVL
ABIDE_II,BNI,29047,39,YES,MVL
ABIDE_II,BNI,29048,40,YES,MVL
ABIDE_II,BNI,29049,41,NO,MVL
ABIDE_II,BNI,29050,42,YES,MVL
ABIDE_II,BNI,29051,43,NO,MVL
ABIDE_II,BNI,29052,44,YES,MVL
ABIDE_II,BNI,29053,45,YES,MVL
ABIDE_II,BNI,29054,46,YES,MVL
ABIDE_II,BNI,29055,,,
ABIDE_II,BNI,29056,47,YES,MVL
ABIDE_II,BNI,30144,48,YES,MVL
ABIDE_II,BNI,30146,49,YES,MVL
ABIDE_II,BNI,30147,50,YES,MVL
ABIDE_II,BNI,30148,51,YES,MVL
ABIDE_II,BNI,30149,52,YES,MVL
ABIDE_II,BNI,30150,53,NO,MVL
ABIDE_II,BNI,30151,54,YES,MVL
ABIDE_II,EMC,29864,0,YES,MVL
ABIDE_II,EMC,29865,,,
ABIDE_II,EMC,29866,1,YES,MVL
ABIDE_II,EMC,29867,2,YES,MVL
ABIDE_II,EMC,29868,3,YES,MVL
ABIDE_II,EMC,29869,4,YES,MVL
ABIDE_II,EMC,29870,5,NO,MVL
ABIDE_II,EMC,29871,6,NO,MVL
ABIDE_II,EMC,29872,7,NO,MVL
ABIDE_II,EMC,29873,8,YES,MVL
ABIDE_II,EMC,29874,9,YES,MVL
ABIDE_II,EMC,29875,10,YES,MVL
ABIDE_II,EMC,29876,11,YES,MVL
ABIDE_II,EMC,29877,12,YES,MVL
ABIDE_II,EMC,29878,13,NO,MVL
ABIDE_II,EMC,29879,14,YES,MVL
ABIDE_II,EMC,29880,15,NO,MVL
ABIDE_II,EMC,29881,16,YES,MVL
ABIDE_II,EMC,29882,17,YES,MVL
ABIDE_II,EMC,29883,18,YES,MVL
ABIDE_II,EMC,29884,19,YES,MVL
ABIDE_II,EMC,29885,20,YES,MVL
ABIDE_II,EMC,29886,21,NO,MVL
ABIDE_II,EMC,29887,22,YES,MVL
ABIDE_II,EMC,29888,23,YES,MVL
ABIDE_II,EMC,29889,24,YES,MVL
ABIDE_II,EMC,29890,25,YES,MVL
ABIDE_II,EMC,29891,26,NO,MVL
ABIDE_II,EMC,29892,27,NO,MVL
ABIDE_II,EMC,29893,28,YES,MVL
ABIDE_II,EMC,29894,29,NO,MVL
ABIDE_II,EMC,29895,30,NO,MVL
ABIDE_II,EMC,29896,31,NO,MVL
ABIDE_II,EMC,29897,32,YES,MVL
ABIDE_II,EMC,29898,33,NO,MVL
ABIDE_II,EMC,29899,34,YES,MVL
ABIDE_II,EMC,29900,35,YES,MVL
ABIDE_II,EMC,29901,36,YES,MVL
ABIDE_II,EMC,29902,,,
ABIDE_II,EMC,29903,37,YES,MVL
ABIDE_II,EMC,29904,38,NO,MVL
ABIDE_II,EMC,29905,,,
ABIDE_II,EMC,29906,39,YES,MVL
ABIDE_II,EMC,29907,40,YES,MVL
ABIDE_II,EMC,29908,41,NO,MVL
ABIDE_II,EMC,29909,42,YES,MVL
ABIDE_II,EMC,29910,43,YES,MVL
ABIDE_II,EMC,29911,44,YES,MVL
ABIDE_II,EMC,29912,45,YES,MVL
ABIDE_II,EMC,29913,46,YES,MVL
ABIDE_II,EMC,29914,47,NO,MVL
ABIDE_II,EMC,29915,48,NO,MVL
ABIDE_II,EMC,29916,49,NO,MVL
ABIDE_II,EMC,29917,50,YES,MVL
ABIDE_II,ETH,29057,0,YES,MVL
ABIDE_II,ETH,29058,1,YES,MVL
ABIDE_II,ETH,29059,2,YES,MVL
ABIDE_II,ETH,29060,3,YES,MVL
ABIDE_II,ETH,29062,4,YES,MVL
ABIDE_II,ETH,29063,5,YES,MVL
ABIDE_II,ETH,29064,6,YES,MVL
ABIDE_II,ETH,29065,7,YES,MVL
ABIDE_II,ETH,29066,8,YES,MVL
ABIDE_II,ETH,29067,9,YES,MVL
ABIDE_II,ETH,29068,10,YES,MVL
ABIDE_II,ETH,29069,,,
ABIDE_II,ETH,29070,11,YES,MVL
ABIDE_II,ETH,29071,12,YES,MVL
ABIDE_II,ETH,29072,13,YES,MVL
ABIDE_II,ETH,29073,14,YES,MVL
ABIDE_II,ETH,29074,15,YES,MVL
ABIDE_II,ETH,29075,16,YES,MVL
ABIDE_II,ETH,29076,17,YES,MVL
ABIDE_II,ETH,29077,18,YES,MVL
ABIDE_II,ETH,29078,19,YES,MVL
ABIDE_II,ETH,29079,20,YES,MVL
ABIDE_II,ETH,29080,21,YES,MVL
ABIDE_II,ETH,29081,,,
ABIDE_II,ETH,29082,22,YES,MVL
ABIDE_II,ETH,29083,23,YES,MVL
ABIDE_II,ETH,29084,24,YES,MVL
ABIDE_II,ETH,29085,25,YES,MVL
ABIDE_II,ETH,29086,26,YES,MVL
ABIDE_II,ETH,29087,27,YES,MVL
ABIDE_II,ETH,29088,28,YES,MVL
ABIDE_II,ETH,29089,29,YES,MVL
ABIDE_II,ETH,29090,30,YES,MVL
ABIDE_II,ETH,29091,31,YES,MVL
ABIDE_II,ETH,29092,32,YES,MVL
ABIDE_II,ETH,29093,33,YES,MVL
ABIDE_II,ETH,29094,34,YES,MVL
ABIDE_II,GU,28741,0,YES,MVL
ABIDE_II,GU,28742,1,YES,MVL
ABIDE_II,GU,28743,2,YES,MVL
ABIDE_II,GU,28744,3,YES,MVL
ABIDE_II,GU,28745,4,YES,MVL
ABIDE_II,GU,28746,5,YES,MVL
ABIDE_II,GU,28747,6,YES,MVL
ABIDE_II,GU,28748,,,
ABIDE_II,GU,28749,7,YES,MVL
ABIDE_II,GU,28750,8,NO,MVL
ABIDE_II,GU,28751,9,YES,MVL
ABIDE_II,GU,28752,10,YES,MVL
ABIDE_II,GU,28753,11,YES,MVL
ABIDE_II,GU,28754,12,YES,MVL
ABIDE_II,GU,28755,13,YES,MVL
ABIDE_II,GU,28756,14,YES,MVL
ABIDE_II,GU,28757,15,YES,MVL
ABIDE_II,GU,28758,16,YES,MVL
ABIDE_II,GU,28759,17,YES,MVL
ABIDE_II,GU,28760,18,YES,MVL
ABIDE_II,GU,28761,19,YES,MVL
ABIDE_II,GU,28762,20,YES,MVL
ABIDE_II,GU,28763,21,YES,MVL
ABIDE_II,GU,28764,22,NO,MVL
ABIDE_II,GU,28765,23,YES,MVL
ABIDE_II,GU,28766,24,YES,MVL
ABIDE_II,GU,28767,25,YES,MVL
ABIDE_II,GU,28768,26,YES,MVL
ABIDE_II,GU,28769,27,YES,MVL
ABIDE_II,GU,28770,28,YES,MVL
ABIDE_II,GU,28771,29,YES,MVL
ABIDE_II,GU,28772,30,YES,MVL
ABIDE_II,GU,28773,31,YES,MVL
ABIDE_II,GU,28774,32,YES,MVL
ABIDE_II,GU,28775,33,YES,MVL
ABIDE_II,GU,28776,34,YES,MVL
ABIDE_II,GU,28777,35,YES,MVL
ABIDE_II,GU,28778,36,YES,MVL
ABIDE_II,GU,28779,37,YES,MVL
ABIDE_II,GU,28780,38,YES,MVL
ABIDE_II,GU,28781,39,YES,MVL
ABIDE_II,GU,28782,40,YES,MVL
ABIDE_II,GU,28783,41,YES,MVL
ABIDE_II,GU,28784,42,YES,MVL
ABIDE_II,GU,28785,43,YES,MVL
ABIDE_II,GU,28786,44,YES,MVL
ABIDE_II,GU,28787,45,YES,MVL
ABIDE_II,GU,28788,46,YES,MVL
ABIDE_II,GU,28789,47,YES,MVL
ABIDE_II,GU,28790,48,YES,MVL
ABIDE_II,GU,28791,49,YES,MVL
ABIDE_II,GU,28792,50,YES,MVL
ABIDE_II,GU,28793,51,YES,MVL
ABIDE_II,GU,28794,52,YES,MVL
ABIDE_II,GU,28795,53,YES,MVL
ABIDE_II,GU,28796,54,YES,MVL
ABIDE_II,GU,28797,55,YES,MVL
ABIDE_II,GU,28798,56,YES,MVL
ABIDE_II,GU,28799,57,NO,MVL
ABIDE_II,GU,28800,58,YES,MVL
ABIDE_II,GU,28801,59,YES,MVL
ABIDE_II,GU,28802,60,YES,MVL
ABIDE_II,GU,28803,61,YES,MVL
ABIDE_II,GU,28804,62,YES,MVL
ABIDE_II,GU,28805,63,YES,MVL
ABIDE_II,GU,28806,64,YES,MVL
ABIDE_II,GU,28807,65,YES,MVL
ABIDE_II,GU,28808,66,YES,MVL
ABIDE_II,GU,28809,67,YES,MVL
ABIDE_II,GU,28810,68,YES,MVL
ABIDE_II,GU,28811,69,YES,MVL
ABIDE_II,GU,28812,70,YES,MVL
ABIDE_II,GU,28813,71,YES,MVL
ABIDE_II,GU,28814,72,YES,MVL
ABIDE_II,GU,28815,73,YES,MVL
ABIDE_II,GU,28816,74,YES,MVL
ABIDE_II,GU,28817,75,YES,MVL
ABIDE_II,GU,28818,76,YES,MVL
ABIDE_II,GU,28819,77,YES,MVL
ABIDE_II,GU,28820,78,YES,MVL
ABIDE_II,GU,28821,79,YES,MVL
ABIDE_II,GU,28822,80,YES,MVL
ABIDE_II,GU,28823,81,YES,MVL
ABIDE_II,GU,28824,82,YES,MVL
ABIDE_II,GU,28825,83,YES,MVL
ABIDE_II,GU,28826,84,YES,MVL
ABIDE_II,GU,28827,85,YES,MVL
ABIDE_II,GU,28828,86,YES,MVL
ABIDE_II,GU,28829,87,YES,MVL
ABIDE_II,GU,28830,88,YES,MVL
ABIDE_II,GU,28831,89,YES,MVL
ABIDE_II,GU,28832,90,YES,MVL
ABIDE_II,GU,28834,91,YES,MVL
ABIDE_II,GU,28835,92,YES,MVL
ABIDE_II,GU,28836,93,YES,MVL
ABIDE_II,GU,28837,94,YES,MVL
ABIDE_II,GU,28838,95,YES,MVL
ABIDE_II,GU,28839,96,YES,MVL
ABIDE_II,GU,28840,97,YES,MVL
ABIDE_II,GU,28841,98,YES,MVL
ABIDE_II,GU,28842,99,YES,MVL
ABIDE_II,GU,28843,100,YES,MVL
ABIDE_II,GU,28844,101,YES,MVL
ABIDE_II,GU,28845,102,YES,MVL
ABIDE_II,GU,28846,103,YES,MVL
ABIDE_II,GU,28847,104,YES,MVL
ABIDE_II,IP,29580,0,NO,MVL
ABIDE_II,IP,29581,1,NO,MVL
ABIDE_II,IP,29582,2,NO,MVL
ABIDE_II,IP,29583,3,NO,MVL
ABIDE_II,IP,29584,4,NO,MVL
ABIDE_II,IP,29585,5,YES,MVL
ABIDE_II,IP,29586,6,NO,MVL
ABIDE_II,IP,29587,7,NO,MVL
ABIDE_II,IP,29588,8,YES,MVL
ABIDE_II,IP,29589,9,NO,MVL
ABIDE_II,IP,29590,10,NO,MVL
ABIDE_II,IP,29591,11,YES,MVL
ABIDE_II,IP,29592,12,NO,MVL
ABIDE_II,IP,29593,13,NO,MVL
ABIDE_II,IP,29594,14,YES,MVL
ABIDE_II,IP,29595,15,YES,MVL
ABIDE_II,IP,29596,16,YES,MVL
ABIDE_II,IP,29597,17,NO,MVL
ABIDE_II,IP,29598,18,NO,MVL
ABIDE_II,IP,29599,19,YES,MVL
ABIDE_II,IP,29600,,,
ABIDE_II,IP,29601,20,NO,MVL
ABIDE_II,IP,29602,21,NO,MVL
ABIDE_II,IP,29603,22,NO,MVL
ABIDE_II,IP,29604,23,NO,MVL
ABIDE_II,IP,29605,24,NO,MVL
ABIDE_II,IP,29606,25,YES,MVL
ABIDE_II,IP,29607,26,NO,MVL
ABIDE_II,IP,29608,27,NO,MVL
ABIDE_II,IP,29609,28,YES,MVL
ABIDE_II,IP,29610,29,NO,MVL
ABIDE_II,IP,29611,30,NO,MVL
ABIDE_II,IP,29612,31,NO,MVL
ABIDE_II,IP,29613,32,NO,MVL
ABIDE_II,IP,29614,33,NO,MVL
ABIDE_II,IP,29615,,,
ABIDE_II,IP,29616,34,NO,MVL
ABIDE_II,IP,29617,,,
ABIDE_II,IP,29618,35,NO,MVL
ABIDE_II,IP,29619,36,NO,MVL
ABIDE_II,IP,29620,37,YES,MVL
ABIDE_II,IP,29621,38,NO,MVL
ABIDE_II,IP,29622,,,
ABIDE_II,IP,29623,39,NO,MVL
ABIDE_II,IP,29624,40,NO,MVL
ABIDE_II,IP,29625,41,NO,MVL
ABIDE_II,IP,29626,42,NO,MVL
ABIDE_II,IP,29627,43,NO,MVL
ABIDE_II,IP,29628,44,NO,MVL
ABIDE_II,IP,29629,45,NO,MVL
ABIDE_II,IP,29630,46,YES,MVL
ABIDE_II,IP,29631,47,NO,MVL
ABIDE_II,IP,29632,48,NO,MVL
ABIDE_II,IP,29633,49,NO,MVL
ABIDE_II,IP,29634,50,NO,MVL
ABIDE_II,IP,29635,51,NO,MVL
ABIDE_II,IU,29538,0,YES,MVL
ABIDE_II,IU,29539,1,NO,MVL
ABIDE_II,IU,29540,2,NO,MVL
ABIDE_II,IU,29541,3,YES,MVL
ABIDE_II,IU,29542,4,NO,MVL
ABIDE_II,IU,29543,5,YES,MVL
ABIDE_II,IU,29544,6,NO,MVL
ABIDE_II,IU,29545,7,NO,MVL
ABIDE_II,IU,29546,8,YES,MVL
ABIDE_II,IU,29547,9,YES,MVL
ABIDE_II,IU,29548,10,YES,MVL
ABIDE_II,IU,29549,11,YES,MVL
ABIDE_II,IU,29550,12,NO,MVL
ABIDE_II,IU,29551,13,YES,MVL
ABIDE_II,IU,29552,14,NO,MVL
ABIDE_II,IU,29553,15,NO,MVL
ABIDE_II,IU,29554,16,YES,MVL
ABIDE_II,IU,29555,17,NO,MVL
ABIDE_II,IU,29556,18,NO,MVL
ABIDE_II,IU,29557,19,YES,MVL
ABIDE_II,IU,29558,20,YES,MVL
ABIDE_II,IU,29559,21,YES,MVL
ABIDE_II,IU,29560,22,NO,MVL
ABIDE_II,IU,29561,23,YES,MVL
ABIDE_II,IU,29562,24,YES,MVL
ABIDE_II,IU,29563,25,YES,MVL
ABIDE_II,IU,29564,26,YES,MVL
ABIDE_II,IU,29565,27,NO,MVL
ABIDE_II,IU,29566,28,YES,MVL
ABIDE_II,IU,29567,29,NO,MVL
ABIDE_II,IU,29568,30,NO,MVL
ABIDE_II,IU,29569,31,NO,MVL
ABIDE_II,IU,29570,32,NO,MVL
ABIDE_II,IU,29571,33,NO,MVL
ABIDE_II,IU,29572,34,YES,MVL
ABIDE_II,IU,29573,35,YES,MVL
ABIDE_II,IU,29574,36,NO,MVL
ABIDE_II,IU,29575,37,NO,MVL
ABIDE_II,IU,29576,,,
ABIDE_II,IU,29577,38,NO,MVL
ABIDE_II,LEUVEN,29656,0,YES,MVL
ABIDE_II,LEUVEN,29657,1,NO,MVL
ABIDE_II,LEUVEN,29658,2,YES,MVL
ABIDE_II,LEUVEN,29659,3,YES,MVL
ABIDE_II,LEUVEN,29660,4,YES,MVL
ABIDE_II,LEUVEN,29661,5,YES,MVL
ABIDE_II,LEUVEN,29662,6,YES,MVL
ABIDE_II,LEUVEN,29664,7,YES,MVL
ABIDE_II,LEUVEN,29665,8,YES,MVL
ABIDE_II,LEUVEN,29666,9,YES,MVL
ABIDE_II,LEUVEN,29667,10,YES,MVL
ABIDE_II,LEUVEN,29668,11,YES,MVL
ABIDE_II,LEUVEN,29669,12,YES,MVL
ABIDE_II,LEUVEN,29670,13,YES,MVL
ABIDE_II,LEUVEN,29671,14,YES,MVL
ABIDE_II,LEUVEN,29674,15,NO,MVL
ABIDE_II,LEUVEN,29675,16,YES,MVL
ABIDE_II,LEUVEN,29676,17,YES,MVL
ABIDE_II,LEUVEN,29677,18,YES,MVL
ABIDE_II,LEUVEN,29678,19,YES,MVL
ABIDE_II,LEUVEN,29679,20,YES,MVL
ABIDE_II,LEUVEN,29794,21,YES,MVL
ABIDE_II,LEUVEN,29795,22,YES,MVL
ABIDE_II,LEUVEN,29796,23,YES,MVL
ABIDE_II,LEUVEN,29797,24,YES,MVL
ABIDE_II,LEUVEN,29798,25,YES,MVL
ABIDE_II,LEUVEN,29799,26,YES,MVL
ABIDE_II,LEUVEN,29800,27,YES,MVL
ABIDE_II,MIAMI,30229,,,
ABIDE_II,MIAMI,30230,0,NO,MVL
ABIDE_II,MIAMI,30231,1,NO,MVL
ABIDE_II,MIAMI,30232,,,
ABIDE_II,MIAMI,30233,2,NO,MVL
ABIDE_II,MIAMI,30234,3,NO,MVL
ABIDE_II,MIAMI,30235,4,NO,MVL
ABIDE_II,MIAMI,30236,5,YES,MVL
ABIDE_II,MIAMI,30237,6,YES,MVL
ABIDE_II,MIAMI,30238,7,YES,MVL
ABIDE_II,MIAMI,30239,8,YES,MVL
ABIDE_II,MIAMI,30240,9,YES,MVL
ABIDE_II,MIAMI,30241,10,YES,MVL
ABIDE_II,MIAMI,30242,11,YES,MVL
ABIDE_II,MIAMI,30243,12,YES,MVL
ABIDE_II,MIAMI,30244,13,YES,MVL
ABIDE_II,MIAMI,30245,14,YES,MVL
ABIDE_II,MIAMI,30246,15,YES,MVL
ABIDE_II,MIAMI,30247,16,YES,MVL
ABIDE_II,MIAMI,30248,17,YES,MVL
ABIDE_II,MIAMI,30249,18,YES,MVL
ABIDE_II,MIAMI,30250,19,YES,MVL
ABIDE_II,MIAMI,30251,20,YES,MVL
ABIDE_II,MIAMI,30252,21,YES,MVL
ABIDE_II,MIAMI,30253,22,YES,MVL
ABIDE_II,MIAMI,30254,23,YES,MVL
ABIDE_II,MIAMI,30255,24,YES,MVL
ABIDE_II,MIAMI,30256,25,YES,MVL
ABIDE_II,NYU_1,29177,0,YES,MVL
ABIDE_II,NYU_1,29178,1,YES,MVL
ABIDE_II,NYU_1,29179,2,YES,MVL
ABIDE_II,NYU_1,29180,3,YES,MVL
ABIDE_II,NYU_1,29181,4,YES,MVL
ABIDE_II,NYU_1,29182,5,YES,MVL
ABIDE_II,NYU_1,29183,6,NO,MVL
ABIDE_II,NYU_1,29184,7,YES,MVL
ABIDE_II,NYU_1,29185,8,YES,MVL
ABIDE_II,NYU_1,29186,9,YES,MVL
ABIDE_II,NYU_1,29187,10,YES,MVL
ABIDE_II,NYU_1,29188,11,YES,MVL
ABIDE_II,NYU_1,29189,12,YES,MVL
ABIDE_II,NYU_1,29190,13,YES,MVL
ABIDE_II,NYU_1,29191,14,YES,MVL
ABIDE_II,NYU_1,29192,15,YES,MVL
ABIDE_II,NYU_1,29193,16,YES,MVL
ABIDE_II,NYU_1,29194,17,YES,MVL
ABIDE_II,NYU_1,29195,18,YES,MVL
ABIDE_II,NYU_1,29196,19,YES,MVL
ABIDE_II,NYU_1,29197,20,YES,MVL
ABIDE_II,NYU_1,29198,21,YES,MVL
ABIDE_II,NYU_1,29199,22,YES,MVL
ABIDE_II,NYU_1,29200,23,YES,MVL
ABIDE_II,NYU_1,29201,24,YES,MVL
ABIDE_II,NYU_1,29202,,,
ABIDE_II,NYU_1,29203,25,YES,MVL
ABIDE_II,NYU_1,29204,26,YES,MVL
ABIDE_II,NYU_1,29205,27,YES,MVL
ABIDE_II,NYU_1,29206,28,YES,MVL
ABIDE_II,NYU_1,29207,29,NO,MVL
ABIDE_II,NYU_1,29208,30,YES,MVL
ABIDE_II,NYU_1,29209,31,YES,MVL
ABIDE_II,NYU_1,29210,32,YES,MVL
ABIDE_II,NYU_1,29211,33,YES,MVL
ABIDE_II,NYU_1,29212,34,YES,MVL
ABIDE_II,NYU_1,29213,35,YES,MVL
ABIDE_II,NYU_1,29214,36,YES,MVL
ABIDE_II,NYU_1,29215,37,YES,MVL
ABIDE_II,NYU_1,29216,38,YES,MVL
ABIDE_II,NYU_1,29217,39,YES,MVL
ABIDE_II,NYU_1,29218,40,YES,MVL
ABIDE_II,NYU_1,29219,41,YES,MVL
ABIDE_II,NYU_1,29220,42,YES,MVL
ABIDE_II,NYU_1,29221,43,YES,MVL
ABIDE_II,NYU_1,29222,44,YES,MVL
ABIDE_II,NYU_1,29223,45,YES,MVL
ABIDE_II,NYU_1,29224,46,YES,MVL
ABIDE_II,NYU_1,29225,47,YES,MVL
ABIDE_II,NYU_1,29226,48,YES,MVL
ABIDE_II,NYU_1,29227,49,YES,MVL
ABIDE_II,NYU_1,29228,50,YES,MVL
ABIDE_II,NYU_1,29229,51,YES,MVL
ABIDE_II,NYU_1,29230,52,YES,MVL
ABIDE_II,NYU_1,29231,53,YES,MVL
ABIDE_II,NYU_1,29232,54,YES,MVL
ABIDE_II,NYU_1,29233,55,YES,MVL
ABIDE_II,NYU_1,29234,56,YES,MVL
ABIDE_II,NYU_1,29235,57,YES,MVL
ABIDE_II,NYU_1,29236,58,YES,MVL
ABIDE_II,NYU_1,29237,59,YES,MVL
ABIDE_II,NYU_1,29238,60,YES,MVL
ABIDE_II,NYU_1,29239,61,YES,MVL
ABIDE_II,NYU_1,29240,62,YES,MVL
ABIDE_II,NYU_1,29241,63,YES,MVL
ABIDE_II,NYU_1,29242,64,YES,MVL
ABIDE_II,NYU_1,29243,65,YES,MVL
ABIDE_II,NYU_1,29244,66,YES,MVL
ABIDE_II,NYU_1,29245,67,YES,MVL
ABIDE_II,NYU_1,29246,68,YES,MVL
ABIDE_II,NYU_1,29247,69,YES,MVL
ABIDE_II,NYU_1,29248,70,YES,MVL
ABIDE_II,NYU_1,29249,71,YES,MVL
ABIDE_II,NYU_1,29250,72,YES,MVL
ABIDE_II,NYU_1,29251,73,YES,MVL
ABIDE_II,NYU_1,29252,74,YES,MVL
ABIDE_II,NYU_1,29253,75,YES,MVL
ABIDE_II,NYU_1,29254,76,YES,MVL
ABIDE_II,NYU_2,29150,0,YES,MVL
ABIDE_II,NYU_2,29151,1,YES,MVL
ABIDE_II,NYU_2,29152,2,YES,MVL
ABIDE_II,NYU_2,29153,3,YES,MVL
ABIDE_II,NYU_2,29154,4,YES,MVL
ABIDE_II,NYU_2,29155,5,YES,MVL
ABIDE_II,NYU_2,29156,6,NO,MVL
ABIDE_II,NYU_2,29157,7,YES,MVL
ABIDE_II,NYU_2,29158,8,YES,MVL
ABIDE_II,NYU_2,29159,9,YES,MVL
ABIDE_II,NYU_2,29160,10,YES,MVL
ABIDE_II,NYU_2,29161,11,YES,MVL
ABIDE_II,NYU_2,29162,12,YES,MVL
ABIDE_II,NYU_2,29163,13,YES,MVL
ABIDE_II,NYU_2,29164,14,YES,MVL
ABIDE_II,NYU_2,29165,15,YES,MVL
ABIDE_II,NYU_2,29166,16,YES,MVL
ABIDE_II,NYU_2,29167,17,YES,MVL
ABIDE_II,NYU_2,29168,18,YES,MVL
ABIDE_II,NYU_2,29169,19,YES,MVL
ABIDE_II,NYU_2,29170,20,YES,MVL
ABIDE_II,NYU_2,29171,21,NO,MVL
ABIDE_II,NYU_2,29172,22,YES,MVL
ABIDE_II,NYU_2,29173,23,YES,MVL
ABIDE_II,NYU_2,29174,24,YES,MVL
ABIDE_II,NYU_2,29175,25,NO,MVL
ABIDE_II,NYU_2,29176,26,YES,MVL
ABIDE_II,OHSU,28920,0,YES,MVL
ABIDE_II,OHSU,28924,1,YES,MVL
ABIDE_II,OHSU,28925,2,YES,MVL
ABIDE_II,OHSU,28926,3,YES,MVL
ABIDE_II,OHSU,28927,4,YES,MVL
ABIDE_II,OHSU,28930,5,NO,MVL
ABIDE_II,OHSU,28931,6,YES,MVL
ABIDE_II,OHSU,28933,7,YES,MVL
ABIDE_II,OHSU,28934,8,YES,MVL
ABIDE_II,OHSU,28935,9,YES,MVL
ABIDE_II,OHSU,28936,10,NO,MVL
ABIDE_II,OHSU,28937,11,YES,MVL
ABIDE_II,OHSU,28938,12,YES,MVL
ABIDE_II,OHSU,28939,13,YES,MVL
ABIDE_II,OHSU,28940,14,YES,MVL
ABIDE_II,OHSU,28941,15,YES,MVL
ABIDE_II,OHSU,28942,16,YES,MVL
ABIDE_II,OHSU,28943,17,YES,MVL
ABIDE_II,OHSU,28944,18,YES,MVL
ABIDE_II,OHSU,28945,19,YES,MVL
ABIDE_II,OHSU,28946,20,YES,MVL
ABIDE_II,OHSU,28947,21,NO,MVL
ABIDE_II,OHSU,28948,22,YES,MVL
ABIDE_II,OHSU,28949,23,YES,MVL
ABIDE_II,OHSU,28950,24,YES,MVL
ABIDE_II,OHSU,28951,25,YES,MVL
ABIDE_II,OHSU,28952,26,YES,MVL
ABIDE_II,OHSU,28953,27,YES,MVL
ABIDE_II,OHSU,28954,28,YES,MVL
ABIDE_II,OHSU,28955,29,YES,MVL
ABIDE_II,OHSU,28956,30,NO,MVL
ABIDE_II,OHSU,28957,31,YES,MVL
ABIDE_II,OHSU,28958,32,YES,MVL
ABIDE_II,OHSU,28960,33,YES,MVL
ABIDE_II,OHSU,28961,34,YES,MVL
ABIDE_II,OHSU,28962,35,YES,MVL
ABIDE_II,OHSU,28963,36,NO,MVL
ABIDE_II,OHSU,28964,37,YES,MVL
ABIDE_II,OHSU,28965,38,YES,MVL
ABIDE_II,OHSU,28966,39,YES,MVL
ABIDE_II,OHSU,28967,40,YES,MVL
ABIDE_II,OHSU,28968,41,YES,MVL
ABIDE_II,OHSU,28969,42,YES,MVL
ABIDE_II,OHSU,28970,43,YES,MVL
ABIDE_II,OHSU,28971,44,YES,MVL
ABIDE_II,OHSU,28972,45,YES,MVL
ABIDE_II,OHSU,28973,46,YES,MVL
ABIDE_II,OHSU,28974,47,YES,MVL
ABIDE_II,OHSU,28975,48,YES,MVL
ABIDE_II,OHSU,28976,49,YES,MVL
ABIDE_II,OHSU,28977,50,YES,MVL
ABIDE_II,OHSU,28978,51,YES,MVL
ABIDE_II,OHSU,28979,52,YES,MVL
ABIDE_II,OHSU,28980,53,YES,MVL
ABIDE_II,OHSU,28981,54,YES,MVL
ABIDE_II,OHSU,28982,55,YES,MVL
ABIDE_II,OHSU,28983,56,YES,MVL
ABIDE_II,OHSU,28984,57,YES,MVL
ABIDE_II,OHSU,28985,58,YES,MVL
ABIDE_II,OHSU,28986,59,YES,MVL
ABIDE_II,OHSU,28987,60,YES,MVL
ABIDE_II,OHSU,28988,61,YES,MVL
ABIDE_II,OHSU,28989,62,YES,MVL
ABIDE_II,OHSU,28990,63,YES,MVL
ABIDE_II,OHSU,28991,64,YES,MVL
ABIDE_II,OHSU,28992,65,NO,MVL
ABIDE_II,OHSU,28993,66,YES,MVL
ABIDE_II,OHSU,28994,67,YES,MVL
ABIDE_II,OHSU,28995,68,YES,MVL
ABIDE_II,OHSU,28996,69,YES,MVL
ABIDE_II,OHSU,28997,70,YES,MVL
ABIDE_II,OHSU,28998,71,YES,MVL
ABIDE_II,OHSU,28999,72,YES,MVL
ABIDE_II,OHSU,29000,73,YES,MVL
ABIDE_II,OHSU,29001,74,YES,MVL
ABIDE_II,OHSU,29002,75,YES,MVL
ABIDE_II,OHSU,29003,76,YES,MVL
ABIDE_II,OHSU,29004,77,YES,MVL
ABIDE_II,OHSU,29005,78,YES,MVL
ABIDE_II,OHSU,30154,79,YES,MVL
ABIDE_II,OHSU,30155,80,YES,MVL
ABIDE_II,OHSU,30156,81,YES,MVL
ABIDE_II,OHSU,30157,82,YES,MVL
ABIDE_II,OHSU,30158,83,YES,MVL
ABIDE_II,OHSU,30159,84,YES,MVL
ABIDE_II,OHSU,30160,85,YES,MVL
ABIDE_II,OHSU,30161,86,YES,MVL
ABIDE_II,OHSU,30162,87,YES,MVL
ABIDE_II,OHSU,30163,88,YES,MVL
ABIDE_II,OHSU,30164,89,YES,MVL
ABIDE_II,OHSU,30165,90,YES,MVL
ABIDE_II,OHSU,30166,91,YES,MVL
ABIDE_II,OHSU,30167,92,YES,MVL
ABIDE_II,SDSU,28852,0,YES,MVL
ABIDE_II,SDSU,28853,1,YES,MVL
ABIDE_II,SDSU,28854,2,YES,MVL
ABIDE_II,SDSU,28855,3,NO,MVL
ABIDE_II,SDSU,28856,4,YES,MVL
ABIDE_II,SDSU,28857,5,YES,MVL
ABIDE_II,SDSU,28858,6,NO,MVL
ABIDE_II,SDSU,28859,7,NO,MVL
ABIDE_II,SDSU,28860,8,YES,MVL
ABIDE_II,SDSU,28861,9,YES,MVL
ABIDE_II,SDSU,28862,10,NO,MVL
ABIDE_II,SDSU,28863,11,NO,MVL
ABIDE_II,SDSU,28864,12,YES,MVL
ABIDE_II,SDSU,28865,13,YES,MVL
ABIDE_II,SDSU,28866,14,YES,MVL
ABIDE_II,SDSU,28867,15,YES,MVL
ABIDE_II,SDSU,28868,16,YES,MVL
ABIDE_II,SDSU,28869,17,YES,MVL
ABIDE_II,SDSU,28870,18,NO,MVL
ABIDE_II,SDSU,28871,19,NO,MVL
ABIDE_II,SDSU,28872,20,NO,MVL
ABIDE_II,SDSU,28873,21,YES,MVL
ABIDE_II,SDSU,28874,22,NO,MVL
ABIDE_II,SDSU,28875,23,NO,MVL
ABIDE_II,SDSU,28876,24,YES,MVL
ABIDE_II,SDSU,28877,25,YES,MVL
ABIDE_II,SDSU,28878,26,YES,MVL
ABIDE_II,SDSU,28879,27,NO,MVL
ABIDE_II,SDSU,28880,28,YES,MVL
ABIDE_II,SDSU,28881,29,YES,MVL
ABIDE_II,SDSU,28882,30,YES,MVL
ABIDE_II,SDSU,28883,31,YES,MVL
ABIDE_II,SDSU,28884,32,YES,MVL
ABIDE_II,SDSU,28885,33,YES,MVL
ABIDE_II,SDSU,28886,34,YES,MVL
ABIDE_II,SDSU,28887,35,YES,MVL
ABIDE_II,SDSU,28888,36,YES,MVL
ABIDE_II,SDSU,28889,,,
ABIDE_II,SDSU,28890,37,YES,MVL
ABIDE_II,SDSU,28891,38,YES,MVL
ABIDE_II,SDSU,28892,39,YES,MVL
ABIDE_II,SDSU,28893,40,YES,MVL
ABIDE_II,SDSU,28894,41,YES,MVL
ABIDE_II,SDSU,28895,42,NO,MVL
ABIDE_II,SDSU,28896,43,YES,MVL
ABIDE_II,SDSU,28897,44,NO,MVL
ABIDE_II,SDSU,28898,45,YES,MVL
ABIDE_II,SDSU,28899,46,NO,MVL
ABIDE_II,SDSU,28900,47,YES,MVL
ABIDE_II,SDSU,28901,48,YES,MVL
ABIDE_II,SDSU,28902,49,YES,MVL
ABIDE_II,SDSU,28903,50,YES,MVL
ABIDE_II,SDSU,28904,51,YES,MVL
ABIDE_II,SDSU,28905,52,YES,MVL
ABIDE_II,SDSU,28906,53,YES,MVL
ABIDE_II,SDSU,28907,54,NO,MVL
ABIDE_II,SDSU,28908,55,YES,MVL
ABIDE_II,SDSU,28909,56,NO,MVL
ABIDE_II,STANFORD,30168,0,YES,MVL
ABIDE_II,STANFORD,30169,1,NO,MVL
ABIDE_II,STANFORD,30170,2,NO,MVL
ABIDE_II,STANFORD,30171,3,YES,MVL
ABIDE_II,STANFORD,30172,4,YES,MVL
ABIDE_II,STANFORD,30173,5,NO,MVL
ABIDE_II,STANFORD,30174,6,YES,MVL
ABIDE_II,STANFORD,30175,7,YES,MVL
ABIDE_II,STANFORD,30176,8,YES,MVL
ABIDE_II,STANFORD,30177,9,NO,MVL
ABIDE_II,STANFORD,30178,10,YES,MVL
ABIDE_II,STANFORD,30179,11,YES,MVL
ABIDE_II,STANFORD,30180,12,NO,MVL
ABIDE_II,STANFORD,30181,13,YES,MVL
ABIDE_II,STANFORD,30182,14,NO,MVL
ABIDE_II,STANFORD,30183,15,YES,MVL
ABIDE_II,STANFORD,30184,16,NO,MVL
ABIDE_II,STANFORD,30185,17,NO,MVL
ABIDE_II,STANFORD,30186,18,YES,MVL
ABIDE_II,STANFORD,30187,19,NO,MVL
ABIDE_II,STANFORD,30188,20,NO,MVL
ABIDE_II,STANFORD,30189,21,YES,MVL
ABIDE_II,STANFORD,30190,22,NO,MVL
ABIDE_II,STANFORD,30191,23,YES,MVL
ABIDE_II,STANFORD,30192,24,YES,MVL
ABIDE_II,STANFORD,30193,25,YES,MVL
ABIDE_II,STANFORD,30194,26,NO,MVL
ABIDE_II,STANFORD,30195,27,NO,MVL
ABIDE_II,STANFORD,30196,28,YES,MVL
ABIDE_II,STANFORD,30197,29,YES,MVL
ABIDE_II,STANFORD,30198,30,NO,MVL
ABIDE_II,STANFORD,30199,31,YES,MVL
ABIDE_II,STANFORD,30200,32,NO,MVL
ABIDE_II,STANFORD,30201,33,NO,MVL
ABIDE_II,STANFORD,30202,34,NO,MVL
ABIDE_II,STANFORD,30203,35,NO,MVL
ABIDE_II,STANFORD,30204,36,NO,MVL
ABIDE_II,STANFORD,30205,37,NO,MVL
ABIDE_II,STANFORD,30206,38,YES,MVL
ABIDE_II,STANFORD,30207,39,NO,MVL
ABIDE_II,STANFORD,30208,40,NO,MVL
ABIDE_II,STANFORD,30209,41,NO,MVL
ABIDE_II,TRINITY,29096,0,YES,MVL
ABIDE_II,TRINITY,29097,1,YES,MVL
ABIDE_II,TRINITY,29098,2,YES,MVL
ABIDE_II,TRINITY,29099,3,YES,MVL
ABIDE_II,TRINITY,29100,4,YES,MVL
ABIDE_II,TRINITY,29101,5,YES,MVL
ABIDE_II,TRINITY,29102,6,YES,MVL
ABIDE_II,TRINITY,29103,7,YES,MVL
ABIDE_II,TRINITY,29104,8,YES,MVL
ABIDE_II,TRINITY,29105,9,YES,MVL
ABIDE_II,TRINITY,29106,10,YES,MVL
ABIDE_II,TRINITY,29107,11,YES,MVL
ABIDE_II,TRINITY,29108,12,YES,MVL
ABIDE_II,TRINITY,29109,13,YES,MVL
ABIDE_II,TRINITY,29110,14,YES,MVL
ABIDE_II,TRINITY,29111,15,YES,MVL
ABIDE_II,TRINITY,29112,16,YES,MVL
ABIDE_II,TRINITY,29113,17,YES,MVL
ABIDE_II,TRINITY,29114,18,YES,MVL
ABIDE_II,TRINITY,29115,19,YES,MVL
ABIDE_II,TRINITY,29116,20,YES,MVL
ABIDE_II,TRINITY,29117,21,YES,MVL
ABIDE_II,TRINITY,29118,22,YES,MVL
ABIDE_II,TRINITY,29119,23,YES,MVL
ABIDE_II,TRINITY,29120,24,YES,MVL
ABIDE_II,TRINITY,29121,25,YES,MVL
ABIDE_II,TRINITY,29122,26,YES,MVL
ABIDE_II,TRINITY,29123,27,YES,MVL
ABIDE_II,TRINITY,29124,28,YES,MVL
ABIDE_II,TRINITY,29125,29,YES,MVL
ABIDE_II,TRINITY,29126,30,YES,MVL
ABIDE_II,TRINITY,29127,31,YES,MVL
ABIDE_II,TRINITY,29128,32,YES,MVL
ABIDE_II,TRINITY,29129,33,YES,MVL
ABIDE_II,TRINITY,29130,34,YES,MVL
ABIDE_II,TRINITY,29131,35,YES,MVL
ABIDE_II,TRINITY,29132,36,YES,MVL
ABIDE_II,TRINITY,29133,37,YES,MVL
ABIDE_II,TRINITY,29134,38,YES,MVL
ABIDE_II,TRINITY,29135,39,YES,MVL
ABIDE_II,TRINITY,29136,40,YES,MVL
ABIDE_II,TRINITY,29137,41,YES,MVL
ABIDE_II,UCDAVIS,29997,0,NO,MVL
ABIDE_II,UCDAVIS,29998,1,YES,MVL
ABIDE_II,UCDAVIS,29999,2,YES,MVL
ABIDE_II,UCDAVIS,30000,3,YES,MVL
ABIDE_II,UCDAVIS,30001,4,YES,MVL
ABIDE_II,UCDAVIS,30002,5,YES,MVL
ABIDE_II,UCDAVIS,30003,6,NO,MVL
ABIDE_II,UCDAVIS,30004,7,NO,MVL
ABIDE_II,UCDAVIS,30005,8,NO,MVL
ABIDE_II,UCDAVIS,30006,9,YES,MVL
ABIDE_II,UCDAVIS,30007,10,YES,MVL
ABIDE_II,UCDAVIS,30008,11,YES,MVL
ABIDE_II,UCDAVIS,30009,12,NO,MVL
ABIDE_II,UCDAVIS,30010,13,NO,MVL
ABIDE_II,UCDAVIS,30011,14,YES,MVL
ABIDE_II,UCDAVIS,30012,15,YES,MVL
ABIDE_II,UCDAVIS,30013,16,NO,MVL
ABIDE_II,UCDAVIS,30014,17,NO,MVL
ABIDE_II,UCDAVIS,30015,18,NO,MVL
ABIDE_II,UCDAVIS,30016,19,NO,MVL
ABIDE_II,UCDAVIS,30017,20,NO,MVL
ABIDE_II,UCDAVIS,30018,21,YES,MVL
ABIDE_II,UCDAVIS,30019,22,YES,MVL
ABIDE_II,UCDAVIS,30020,23,YES,MVL
ABIDE_II,UCDAVIS,30021,24,YES,MVL
ABIDE_II,UCDAVIS,30022,25,YES,MVL
ABIDE_II,UCDAVIS,30023,26,YES,MVL
ABIDE_II,UCDAVIS,30024,27,YES,MVL
ABIDE_II,UCDAVIS,30026,28,YES,MVL
ABIDE_II,UCDAVIS,30027,29,YES,MVL
ABIDE_II,UCDAVIS,30028,30,YES,MVL
ABIDE_II,UCDAVIS,30029,31,YES,MVL
ABIDE_II,UCLA,29728,0,NO,MVL
ABIDE_II,UCLA,29729,1,YES,MVL
ABIDE_II,UCLA,29730,2,NO,MVL
ABIDE_II,UCLA,29731,3,YES,MVL
ABIDE_II,UCLA,29732,4,YES,MVL
ABIDE_II,UCLA,29733,5,NO,MVL
ABIDE_II,UCLA,29734,6,YES,MVL
ABIDE_II,UCLA,29735,7,YES,MVL
ABIDE_II,UCLA,29736,8,YES,MVL
ABIDE_II,UCLA,29737,9,NO,MVL
ABIDE_II,UCLA,29738,10,YES,MVL
ABIDE_II,UCLA,29739,11,YES,MVL
ABIDE_II,UCLA,29740,12,NO,MVL
ABIDE_II,UCLA,29741,13,YES,MVL
ABIDE_II,UCLA,29742,14,NO,MVL
ABIDE_II,UCLA,29743,15,NO,MVL
ABIDE_II,UCLA,29744,16,NO,MVL
ABIDE_II,UCLA,29745,17,NO,MVL
ABIDE_II,UCLA,29746,18,YES,MVL
ABIDE_II,UCLA,29747,19,NO,MVL
ABIDE_II,UCLA,29748,20,YES,MVL
ABIDE_II,UCLA,29749,21,YES,MVL
ABIDE_II,UCLA,29750,22,NO,MVL
ABIDE_II,UCLA,29751,23,YES,MVL
ABIDE_II,UCLA,29752,24,YES,MVL
ABIDE_II,UCLA,29753,25,NO,MVL
ABIDE_II,UCLA,29754,26,YES,MVL
ABIDE_II,UCLA,29755,27,YES,MVL
ABIDE_II,UCLA,29756,28,NO,MVL
ABIDE_II,UCLA,29757,29,YES,MVL
ABIDE_II,UCLA,29758,30,YES,MVL
ABIDE_II,UCLA,29759,31,YES,MVL
ABIDE_II,USM,29495,0,NO,MVL
ABIDE_II,USM,29496,1,NO,MVL
ABIDE_II,USM,29497,2,YES,MVL
ABIDE_II,USM,29498,3,NO,MVL
ABIDE_II,USM,29499,4,NO,MVL
ABIDE_II,USM,29500,5,NO,MVL
ABIDE_II,USM,29501,6,YES,MVL
ABIDE_II,USM,29502,7,NO,MVL
ABIDE_II,USM,29503,8,YES,MVL
ABIDE_II,USM,29504,9,YES,MVL
ABIDE_II,USM,29505,10,NO,MVL
ABIDE_II,USM,29506,11,YES,MVL
ABIDE_II,USM,29507,12,NO,MVL
ABIDE_II,USM,29508,13,NO,MVL
ABIDE_II,USM,29509,14,YES,MVL
ABIDE_II,USM,29510,15,NO,MVL
ABIDE_II,USM,29511,16,NO,MVL
ABIDE_II,USM,29512,17,NO,MVL
ABIDE_II,USM,29513,18,NO,MVL
ABIDE_II,USM,29514,19,YES,MVL
ABIDE_II,USM,29515,20,NO,MVL
ABIDE_II,USM,29516,21,YES,MVL
ABIDE_II,USM,29517,22,NO,MVL
ABIDE_II,USM,29518,23,NO,MVL
ABIDE_II,USM,29519,24,NO,MVL
ABIDE_II,USM,29520,25,NO,MVL
ABIDE_II,USM,29521,26,NO,MVL
ABIDE_II,USM,29522,27,YES,MVL
ABIDE_II,USM,29523,28,NO,MVL
ABIDE_II,USM,29524,29,NO,MVL
ABIDE_II,USM,29525,30,YES,MVL
ABIDE_II,USM,29526,31,NO,MVL
ABIDE_II,USM,29527,32,NO,MVL
